read_name,true_start,aligned_start,abs_pos_error,mapq,error_rate,is_coding,region,tool
read_0_start31365178_len10000,31365178,31365179,1,60,0.05009999871253967,False,noncoding,minimap2
read_3_start42267684_len10000,42267684,42267685,1,60,0.052000001072883606,False,noncoding,minimap2
read_4_start34134458_len10000,34134458,34134461,3,60,0.05119999870657921,False,noncoding,minimap2
read_5_start32554133_len10000,32554133,32554134,1,60,0.05350000038743019,False,noncoding,minimap2
read_6_start44559084_len10000,44559084,44559085,1,60,0.050999999046325684,False,noncoding,minimap2
read_8_start33336219_len10000,33336219,33336220,1,60,0.049300000071525574,False,noncoding,minimap2
read_9_start45755909_len10000,45755909,45755910,1,60,0.05040000006556511,False,noncoding,minimap2
read_10_start20206901_len10000,20206901,20206902,1,60,0.05040000006556511,False,noncoding,minimap2
read_11_start40440899_len10000,40440899,40440900,1,60,0.04989999905228615,False,noncoding,minimap2
read_13_start46250010_len10000,46250010,46250011,1,60,0.04839999973773956,False,noncoding,minimap2
read_14_start30274749_len10000,30274749,30274750,1,60,0.0478999987244606,False,noncoding,minimap2
read_15_start32264825_len10000,32264825,32264826,1,60,0.04919999837875366,False,noncoding,minimap2
read_16_start14436532_len10000,14436532,14436533,1,60,0.051899999380111694,False,noncoding,minimap2
read_17_start29125821_len10000,29125821,29125822,1,60,0.04960000142455101,False,noncoding,minimap2
read_18_start50440097_len10000,50440097,50440099,2,60,0.05000000074505806,False,noncoding,minimap2
read_20_start35042797_len10000,35042797,35042799,2,60,0.051899999380111694,False,noncoding,minimap2
read_25_start20546808_len10000,20546808,20546809,1,60,0.05009999871253967,False,noncoding,minimap2
read_26_start35092619_len10000,35092619,35092620,1,60,0.048700001090765,False,noncoding,minimap2
read_28_start35280264_len10000,35280264,35280265,1,60,0.04919999837875366,False,noncoding,minimap2
read_29_start20500601_len10000,20500601,20500602,1,60,0.04919999837875366,False,noncoding,minimap2
read_32_start50237271_len10000,50237271,50237272,1,60,0.054099999368190765,False,noncoding,minimap2
read_33_start39096432_len10000,39096432,39096436,4,60,0.052799999713897705,False,noncoding,minimap2
read_34_start36317462_len10000,36317462,36317463,1,60,0.048500001430511475,False,noncoding,minimap2
read_35_start42959597_len10000,42959597,42959598,1,60,0.0494999997317791,False,noncoding,minimap2
read_36_start17002459_len10000,17002459,17002460,1,60,0.05400000140070915,False,noncoding,minimap2
read_37_start32547879_len10000,32547879,32547889,10,60,0.049800001084804535,False,noncoding,minimap2
read_38_start13854584_len10000,13854584,13854585,1,60,0.051500000059604645,False,noncoding,minimap2
read_40_start31116317_len10000,31116317,31116318,1,60,0.04960000142455101,False,noncoding,minimap2
read_41_start30312958_len10000,30312958,30312959,1,60,0.05009999871253967,False,noncoding,minimap2
read_43_start24579368_len10000,24579368,24579369,1,60,0.050599999725818634,False,noncoding,minimap2
read_46_start23419654_len10000,23419654,23419655,1,60,0.051899999380111694,False,noncoding,minimap2
read_47_start39377912_len10000,39377912,39377913,1,60,0.04859999939799309,False,noncoding,minimap2
read_49_start33471878_len10000,33471878,33471887,9,60,0.04989999905228615,False,noncoding,minimap2
read_50_start41750827_len10000,41750827,41750828,1,60,0.04989999905228615,False,noncoding,minimap2
read_51_start13054673_len10000,13054673,13054674,1,60,0.0544000007212162,False,noncoding,minimap2
read_53_start47545716_len10000,47545716,47545719,3,60,0.04809999838471413,False,noncoding,minimap2
read_55_start50662087_len10000,50662087,50662091,4,60,0.05339999869465828,False,noncoding,minimap2
read_56_start11867497_len10000,11867497,11867498,1,60,0.05040000006556511,False,noncoding,minimap2
read_57_start41287523_len10000,41287523,41287524,1,60,0.049400001764297485,False,noncoding,minimap2
read_58_start32797134_len10000,32797134,32797135,1,60,0.04699999839067459,False,noncoding,minimap2
read_59_start24583400_len10000,24583400,24583403,3,60,0.05040000006556511,False,noncoding,minimap2
read_63_start20240562_len10000,20240562,20240563,1,60,0.04769999906420708,False,noncoding,minimap2
read_65_start19808253_len10000,19808253,19808255,2,60,0.050200000405311584,False,noncoding,minimap2
read_66_start30683232_len10000,30683232,30683233,1,60,0.04520000144839287,False,noncoding,minimap2
read_67_start36920193_len10000,36920193,36920194,1,60,0.0471000000834465,False,noncoding,minimap2
read_68_start14810659_len10000,14810659,14810663,4,60,0.04690000042319298,False,noncoding,minimap2
read_70_start28726731_len10000,28726731,28726732,1,60,0.04879999905824661,False,noncoding,minimap2
read_71_start21191502_len10000,21191502,21191506,4,60,0.04879999905824661,False,noncoding,minimap2
read_71_start21191502_len10000,21191502,18757251,2434251,0,0.05550000071525574,False,noncoding,minimap2
read_71_start21191502_len10000,21191502,18499940,2691562,0,0.05590000003576279,False,noncoding,minimap2
read_71_start21191502_len10000,21191502,18352462,2839040,0,0.05660000070929527,False,noncoding,minimap2
read_72_start42888189_len10000,42888189,42888190,1,60,0.0478999987244606,False,noncoding,minimap2
read_73_start36906348_len10000,36906348,36906349,1,60,0.05040000006556511,False,noncoding,minimap2
read_74_start16304545_len10000,16304545,16307606,3061,60,0.06210000067949295,False,noncoding,minimap2
read_74_start16304545_len10000,16304545,16305428,883,60,0.05119999870657921,False,noncoding,minimap2
read_74_start16304545_len10000,16304545,16314011,9466,60,0.05050000175833702,False,noncoding,minimap2
read_75_start17591457_len10000,17591457,17591458,1,60,0.044199999421834946,False,noncoding,minimap2
read_76_start14318932_len10000,14318932,14318933,1,60,0.05339999869465828,False,noncoding,minimap2
read_77_start48326076_len10000,48326076,48326077,1,60,0.04729999974370003,False,noncoding,minimap2
read_78_start45322251_len10000,45322251,45322252,1,60,0.05130000039935112,False,noncoding,minimap2
read_80_start41924490_len10000,41924490,41924491,1,60,0.05090000107884407,False,noncoding,minimap2
read_81_start24145404_len10000,24145404,24145405,1,60,0.05119999870657921,False,noncoding,minimap2
read_82_start44441369_len10000,44441369,44441373,4,60,0.0502999983727932,False,noncoding,minimap2
read_83_start10744988_len10000,10744988,10744989,1,60,0.049300000071525574,False,noncoding,minimap2
read_85_start48203541_len10000,48203541,48203542,1,60,0.0502999983727932,False,noncoding,minimap2
read_86_start50034989_len10000,50034989,50034990,1,60,0.05290000140666962,False,noncoding,minimap2
read_87_start21728104_len10000,21728104,21728105,1,60,0.046300001442432404,False,noncoding,minimap2
read_88_start44213072_len10000,44213072,44213073,1,60,0.051100000739097595,False,noncoding,minimap2
read_89_start46487379_len10000,46487379,46487386,7,60,0.051500000059604645,False,noncoding,minimap2
read_90_start25536455_len10000,25536455,25536462,7,60,0.053199999034404755,False,noncoding,minimap2
read_92_start25598587_len10000,25598587,25598588,1,60,0.04820000007748604,False,noncoding,minimap2
read_93_start49268115_len10000,49268115,49268119,4,60,0.0478999987244606,False,noncoding,minimap2
read_94_start49772943_len10000,49772943,49772944,1,60,0.050700001418590546,False,noncoding,minimap2
read_96_start32960981_len10000,32960981,32960982,1,60,0.05040000006556511,False,noncoding,minimap2
read_97_start21846721_len10000,21846721,21846722,1,60,0.04699999839067459,False,noncoding,minimap2
read_98_start45202543_len10000,45202543,45202544,1,60,0.053700000047683716,False,noncoding,minimap2
read_100_start28936834_len10000,28936834,28936835,1,60,0.04879999905824661,False,noncoding,minimap2
read_101_start38224103_len10000,38224103,38224104,1,60,0.051899999380111694,False,noncoding,minimap2
read_102_start30776274_len10000,30776274,30776275,1,60,0.0502999983727932,False,noncoding,minimap2
read_103_start28103339_len10000,28103339,28103340,1,60,0.046300001442432404,False,noncoding,minimap2
read_104_start34098718_len10000,34098718,34098719,1,60,0.04919999837875366,False,noncoding,minimap2
read_105_start38712097_len10000,38712097,38712098,1,60,0.0502999983727932,False,noncoding,minimap2
read_107_start48823788_len10000,48823788,48823789,1,60,0.051100000739097595,False,noncoding,minimap2
read_108_start30898080_len10000,30898080,30898081,1,60,0.05260000005364418,False,noncoding,minimap2
read_109_start27177005_len10000,27177005,27177006,1,60,0.050999999046325684,False,noncoding,minimap2
read_110_start32980448_len10000,32980448,32980449,1,60,0.04989999905228615,False,noncoding,minimap2
read_111_start43133939_len10000,43133939,43133942,3,60,0.05260000005364418,False,noncoding,minimap2
read_112_start18131243_len10000,18131243,18131245,2,60,0.04879999905824661,False,noncoding,minimap2
read_113_start20815347_len10000,20815347,20815348,1,60,0.04960000142455101,False,noncoding,minimap2
read_115_start26280502_len10000,26280502,26280503,1,60,0.05050000175833702,False,noncoding,minimap2
read_116_start36472919_len10000,36472919,36472920,1,60,0.04989999905228615,False,noncoding,minimap2
read_117_start30067945_len10000,30067945,30067946,1,60,0.049800001084804535,False,noncoding,minimap2
read_118_start12277951_len10000,12277951,12277952,1,60,0.05220000073313713,False,noncoding,minimap2
read_118_start12277951_len10000,12277951,12576825,298874,0,0.057500001043081284,False,noncoding,minimap2
read_119_start19969251_len10000,19969251,19969252,1,60,0.05220000073313713,False,noncoding,minimap2
read_120_start28526219_len10000,28526219,28526220,1,60,0.05090000107884407,False,noncoding,minimap2
read_121_start22754490_len10000,22754490,22754491,1,60,0.04879999905824661,False,noncoding,minimap2
read_122_start32638841_len10000,32638841,32638842,1,60,0.04919999837875366,False,noncoding,minimap2
read_123_start43708399_len10000,43708399,43708402,3,60,0.050599999725818634,False,noncoding,minimap2
read_124_start38860427_len10000,38860427,38860428,1,60,0.049800001084804535,False,noncoding,minimap2
read_125_start27274095_len10000,27274095,27274096,1,60,0.05180000141263008,False,noncoding,minimap2
read_126_start12551154_len10000,12551154,12551155,1,60,0.04969999939203262,False,noncoding,minimap2
read_126_start12551154_len10000,12551154,12303636,247518,0,0.054099999368190765,False,noncoding,minimap2
read_127_start15773965_len10000,15773965,15773966,1,60,0.050200000405311584,False,noncoding,minimap2
read_128_start49279662_len10000,49279662,49279663,1,60,0.052799999713897705,False,noncoding,minimap2
read_129_start46298835_len10000,46298835,46298836,1,60,0.050200000405311584,False,noncoding,minimap2
read_130_start23215382_len10000,23215382,23215383,1,60,0.04830000177025795,False,noncoding,minimap2
read_131_start23214912_len10000,23214912,23214913,1,60,0.050700001418590546,False,noncoding,minimap2
read_133_start49960665_len10000,49960665,49960666,1,60,0.04780000075697899,False,noncoding,minimap2
read_135_start46465491_len10000,46465491,46465492,1,60,0.04690000042319298,False,noncoding,minimap2
read_136_start31322397_len10000,31322397,31322398,1,60,0.04989999905228615,False,noncoding,minimap2
read_137_start27613885_len10000,27613885,27613886,1,60,0.051500000059604645,False,noncoding,minimap2
read_138_start47445999_len10000,47445999,47446000,1,60,0.052000001072883606,False,noncoding,minimap2
read_140_start17904999_len10000,17904999,17905000,1,60,0.04839999973773956,False,noncoding,minimap2
read_141_start15371964_len10000,15371964,15371965,1,60,0.051600001752376556,False,noncoding,minimap2
read_142_start24933050_len10000,24933050,24933053,3,60,0.05180000141263008,False,noncoding,minimap2
read_143_start28709419_len10000,28709419,28709421,2,60,0.04659999907016754,False,noncoding,minimap2
read_144_start43667804_len10000,43667804,43667805,1,60,0.04809999838471413,False,noncoding,minimap2
read_145_start11159083_len10000,11159083,11159084,1,1,0.05389999970793724,False,noncoding,minimap2
read_145_start11159083_len10000,11159083,16520894,5361811,0,0.0544000007212162,False,noncoding,minimap2
read_148_start24474557_len10000,24474557,24474558,1,60,0.051899999380111694,False,noncoding,minimap2
read_149_start18774457_len10000,18774457,18774459,2,60,0.0471000000834465,False,noncoding,minimap2
read_149_start18774457_len10000,18774457,21208775,2434318,0,0.05429999902844429,False,noncoding,minimap2
read_149_start18774457_len10000,18774457,24618192,5843735,0,0.06530000269412994,False,noncoding,minimap2
read_150_start20927616_len10000,20927616,20927617,1,60,0.052000001072883606,False,noncoding,minimap2
read_152_start15730510_len10000,15730510,15730511,1,60,0.04919999837875366,False,noncoding,minimap2
read_153_start10608889_len10000,10608889,10608890,1,60,0.05299999937415123,False,noncoding,minimap2
read_154_start15333629_len10000,15333629,15333630,1,60,0.05299999937415123,False,noncoding,minimap2
read_155_start13322978_len10000,13322978,13322981,3,60,0.0544000007212162,False,noncoding,minimap2
read_156_start27551914_len10000,27551914,27551915,1,60,0.04670000076293945,False,noncoding,minimap2
read_157_start38293277_len10000,38293277,38293278,1,60,0.054499998688697815,False,noncoding,minimap2
read_158_start27807237_len10000,27807237,27807238,1,60,0.05090000107884407,False,noncoding,minimap2
read_160_start36828556_len10000,36828556,36828557,1,60,0.051500000059604645,False,noncoding,minimap2
read_161_start18973024_len10000,18973024,18973025,1,60,0.05249999836087227,False,noncoding,minimap2
read_166_start22747751_len10000,22747751,22747752,1,60,0.05040000006556511,False,noncoding,minimap2
read_167_start26425490_len10000,26425490,26425491,1,60,0.05420000106096268,False,noncoding,minimap2
read_169_start10630560_len10000,10630560,10630561,1,60,0.053300000727176666,False,noncoding,minimap2
read_170_start12149427_len10000,12149427,12149428,1,60,0.05420000106096268,False,noncoding,minimap2
read_170_start12149427_len10000,12149427,11832926,316501,0,0.05959999933838844,False,noncoding,minimap2
read_172_start27425917_len10000,27425917,27425918,1,60,0.05009999871253967,False,noncoding,minimap2
read_173_start49825972_len10000,49825972,49825973,1,60,0.05310000106692314,False,noncoding,minimap2
read_174_start41758054_len10000,41758054,41758055,1,60,0.052400000393390656,False,noncoding,minimap2
read_175_start49109940_len10000,49109940,49109941,1,60,0.05290000140666962,False,noncoding,minimap2
read_176_start49854524_len10000,49854524,49854526,2,60,0.052000001072883606,False,noncoding,minimap2
read_179_start32335056_len10000,32335056,32335057,1,60,0.04740000143647194,False,noncoding,minimap2
read_180_start32159396_len10000,32159396,32159400,4,60,0.05119999870657921,False,noncoding,minimap2
read_181_start22386478_len10000,22386478,22386482,4,60,0.04780000075697899,False,noncoding,minimap2
read_182_start22143141_len10000,22143141,22143142,1,60,0.05000000074505806,False,noncoding,minimap2
read_183_start12566604_len10000,12566604,12566605,1,60,0.04919999837875366,False,noncoding,minimap2
read_183_start12566604_len10000,12566604,12288172,278432,0,0.05290000140666962,False,noncoding,minimap2
read_185_start29641769_len10000,29641769,29641770,1,60,0.04969999939203262,False,noncoding,minimap2
read_186_start28179524_len10000,28179524,28179525,1,60,0.05209999904036522,False,noncoding,minimap2
read_187_start34836768_len10000,34836768,34836769,1,60,0.050599999725818634,False,noncoding,minimap2
read_188_start11844201_len10000,11844201,11844202,1,60,0.04659999907016754,False,noncoding,minimap2
read_188_start11844201_len10000,11844201,12138152,293951,0,0.050700001418590546,False,noncoding,minimap2
read_191_start11957311_len10000,11957311,11957313,2,60,0.04809999838471413,False,noncoding,minimap2
read_192_start48260690_len10000,48260690,48260691,1,60,0.05050000175833702,False,noncoding,minimap2
read_193_start15482926_len10000,15482926,15482927,1,60,0.04960000142455101,False,noncoding,minimap2
read_195_start41920050_len10000,41920050,41920051,1,60,0.048700001090765,False,noncoding,minimap2
read_196_start38987081_len10000,38987081,38987082,1,60,0.04820000007748604,False,noncoding,minimap2
read_197_start38801043_len10000,38801043,38801044,1,60,0.05119999870657921,False,noncoding,minimap2
read_198_start23493752_len10000,23493752,23493758,6,60,0.05169999971985817,False,noncoding,minimap2
read_199_start36711376_len10000,36711376,36711377,1,60,0.05209999904036522,False,noncoding,minimap2
read_200_start35922500_len10000,35922500,35922501,1,60,0.05209999904036522,False,noncoding,minimap2
read_201_start47033827_len10000,47033827,47033828,1,60,0.05040000006556511,False,noncoding,minimap2
read_202_start11720065_len10000,11720065,11720066,1,60,0.05260000005364418,False,noncoding,minimap2
read_202_start11720065_len10000,11720065,11838169,118104,0,0.0689999982714653,False,noncoding,minimap2
read_202_start11720065_len10000,11720065,12149637,429572,0,0.06949999928474426,False,noncoding,minimap2
read_204_start40686811_len10000,40686811,40686812,1,60,0.051500000059604645,False,noncoding,minimap2
read_206_start42810008_len10000,42810008,42810009,1,60,0.046300001442432404,False,noncoding,minimap2
read_207_start50032970_len10000,50032970,50032971,1,60,0.05310000106692314,False,noncoding,minimap2
read_208_start12316552_len10000,12316552,12316553,1,60,0.04830000177025795,False,noncoding,minimap2
read_208_start12316552_len10000,12316552,12538221,221669,0,0.053700000047683716,False,noncoding,minimap2
read_209_start34097752_len10000,34097752,34097753,1,60,0.048900000751018524,False,noncoding,minimap2
read_211_start35222176_len10000,35222176,35222177,1,60,0.05040000006556511,False,noncoding,minimap2
read_212_start14517148_len10000,14517148,14517151,3,60,0.04690000042319298,False,noncoding,minimap2
read_213_start13422379_len10000,13422379,13422380,1,60,0.04820000007748604,False,noncoding,minimap2
read_214_start43400082_len10000,43400082,43400083,1,60,0.051600001752376556,False,noncoding,minimap2
read_215_start24899638_len10000,24899638,24899639,1,60,0.05169999971985817,False,noncoding,minimap2
read_216_start11150906_len10000,11150906,11150907,1,7,0.05119999870657921,False,noncoding,minimap2
read_216_start11150906_len10000,11150906,16512718,5361812,0,0.051500000059604645,False,noncoding,minimap2
read_217_start18812762_len10000,18812762,18812763,1,60,0.051500000059604645,False,noncoding,minimap2
read_217_start18812762_len10000,18812762,21247211,2434449,0,0.0568000003695488,False,noncoding,minimap2
read_218_start13348241_len10000,13348241,13348242,1,60,0.05169999971985817,False,noncoding,minimap2
read_220_start39536416_len10000,39536416,39536417,1,60,0.04749999940395355,False,noncoding,minimap2
read_222_start31151612_len10000,31151612,31151613,1,60,0.05079999938607216,False,noncoding,minimap2
read_224_start12373016_len10000,12373016,12373017,1,60,0.050599999725818634,False,noncoding,minimap2
read_225_start32656956_len10000,32656956,32656957,1,60,0.052299998700618744,False,noncoding,minimap2
read_226_start49963336_len10000,49963336,49963337,1,60,0.04960000142455101,False,noncoding,minimap2
read_227_start16545198_len10000,16545198,16545199,1,60,0.05220000073313713,False,noncoding,minimap2
read_228_start49521549_len10000,49521549,49521550,1,60,0.04729999974370003,False,noncoding,minimap2
read_229_start21307747_len10000,21307747,21307748,1,60,0.04690000042319298,False,noncoding,minimap2
read_229_start21307747_len10000,21307747,21175045,132702,0,0.051100000739097595,False,noncoding,minimap2
read_229_start21307747_len10000,21307747,18871809,2435938,0,0.05339999869465828,False,noncoding,minimap2
read_229_start21307747_len10000,21307747,18184789,3122958,0,0.05999999865889549,False,noncoding,minimap2
read_230_start26671890_len10000,26671890,26671892,2,60,0.04899999871850014,False,noncoding,minimap2
read_231_start22997499_len10000,22997499,22997500,1,60,0.04399999976158142,False,noncoding,minimap2
read_232_start50026674_len10000,50026674,50026677,3,60,0.05009999871253967,False,noncoding,minimap2
read_233_start41798162_len10000,41798162,41798163,1,60,0.05350000038743019,False,noncoding,minimap2
read_234_start49104469_len10000,49104469,49104470,1,60,0.04969999939203262,False,noncoding,minimap2
read_235_start37936667_len10000,37936667,37936668,1,60,0.0502999983727932,False,noncoding,minimap2
read_236_start24426682_len10000,24426682,24426683,1,60,0.047200001776218414,False,noncoding,minimap2
read_237_start21478775_len10000,21478775,21478776,1,60,0.054499998688697815,False,noncoding,minimap2
read_237_start21478775_len10000,21478775,18539419,2939356,0,0.059700001031160355,False,noncoding,minimap2
read_238_start47642059_len10000,47642059,47642060,1,60,0.05130000039935112,False,noncoding,minimap2
read_239_start24600431_len10000,24600431,24600432,1,60,0.05139999836683273,False,noncoding,minimap2
read_241_start16446350_len10000,16446350,16446351,1,60,0.04729999974370003,False,noncoding,minimap2
read_242_start15622885_len10000,15622885,15622886,1,60,0.05350000038743019,False,noncoding,minimap2
read_243_start31639758_len10000,31639758,31639759,1,60,0.04989999905228615,False,noncoding,minimap2
read_244_start17505522_len10000,17505522,17505523,1,60,0.051500000059604645,False,noncoding,minimap2
read_245_start36201139_len10000,36201139,36201140,1,60,0.04729999974370003,False,noncoding,minimap2
read_246_start41226298_len10000,41226298,41226299,1,60,0.051899999380111694,False,noncoding,minimap2
read_247_start38608095_len10000,38608095,38608096,1,60,0.05310000106692314,False,noncoding,minimap2
read_249_start37283017_len10000,37283017,37283019,2,60,0.0478999987244606,False,noncoding,minimap2
read_250_start46825307_len10000,46825307,46825308,1,60,0.05429999902844429,False,noncoding,minimap2
read_251_start44949389_len10000,44949389,44949390,1,60,0.050200000405311584,False,noncoding,minimap2
read_252_start13951330_len10000,13951330,13951331,1,60,0.054099999368190765,False,noncoding,minimap2
read_253_start28199319_len10000,28199319,28199320,1,60,0.04830000177025795,False,noncoding,minimap2
read_255_start50617946_len10000,50617946,50617947,1,60,0.049400001764297485,False,noncoding,minimap2
read_256_start21037098_len10000,21037098,21037099,1,60,0.04830000177025795,False,noncoding,minimap2
read_258_start20814906_len10000,20814906,20814907,1,60,0.05270000174641609,False,noncoding,minimap2
read_260_start47335616_len10000,47335616,47335617,1,60,0.04830000177025795,False,noncoding,minimap2
read_261_start48500366_len10000,48500366,48500367,1,60,0.05310000106692314,False,noncoding,minimap2
read_262_start45544489_len10000,45544489,45544495,6,60,0.050200000405311584,False,noncoding,minimap2
read_263_start37235157_len10000,37235157,37235160,3,60,0.04809999838471413,False,noncoding,minimap2
read_264_start47580171_len10000,47580171,47580172,1,60,0.04740000143647194,False,noncoding,minimap2
read_265_start44966406_len10000,44966406,44966407,1,60,0.04830000177025795,False,noncoding,minimap2
read_269_start39090988_len10000,39090988,39090989,1,60,0.050999999046325684,False,noncoding,minimap2
read_270_start19946049_len10000,19946049,19946050,1,60,0.05220000073313713,False,noncoding,minimap2
read_272_start18632192_len10000,18632192,18632193,1,60,0.04919999837875366,False,noncoding,minimap2
read_272_start18632192_len10000,18632192,21353092,2720900,0,0.0544000007212162,False,noncoding,minimap2
read_273_start22848644_len10000,22848644,22848645,1,60,0.05000000074505806,False,noncoding,minimap2
read_274_start23340651_len10000,23340651,23340652,1,60,0.05040000006556511,False,noncoding,minimap2
read_275_start24133866_len10000,24133866,24133867,1,60,0.05130000039935112,False,noncoding,minimap2
read_276_start35060108_len10000,35060108,35060109,1,60,0.04910000041127205,False,noncoding,minimap2
read_277_start38750321_len10000,38750321,38750322,1,60,0.054499998688697815,False,noncoding,minimap2
read_278_start39868762_len10000,39868762,39868763,1,60,0.0544000007212162,False,noncoding,minimap2
read_279_start25167646_len10000,25167646,25167647,1,60,0.048700001090765,False,noncoding,minimap2
read_280_start32814984_len10000,32814984,32814985,1,60,0.05209999904036522,False,noncoding,minimap2
read_281_start30827747_len10000,30827747,30827748,1,60,0.05050000175833702,False,noncoding,minimap2
read_283_start47899562_len10000,47899562,47899563,1,60,0.052000001072883606,False,noncoding,minimap2
read_284_start43247721_len10000,43247721,43247722,1,60,0.04800000041723251,False,noncoding,minimap2
read_286_start19545815_len10000,19545815,19545816,1,60,0.04699999839067459,False,noncoding,minimap2
read_287_start32579743_len10000,32579743,32579744,1,60,0.048500001430511475,False,noncoding,minimap2
read_288_start22981059_len10000,22981059,22981060,1,60,0.05169999971985817,False,noncoding,minimap2
read_289_start34600202_len10000,34600202,34600203,1,60,0.053599998354911804,False,noncoding,minimap2
read_290_start30071407_len10000,30071407,30071408,1,60,0.04919999837875366,False,noncoding,minimap2
read_291_start19460317_len10000,19460317,19460318,1,60,0.051100000739097595,False,noncoding,minimap2
read_292_start49174246_len10000,49174246,49174247,1,60,0.05169999971985817,False,noncoding,minimap2
read_293_start10848664_len10000,10848664,10848665,1,29,0.049300000071525574,False,noncoding,minimap2
read_293_start10848664_len10000,10848664,15878086,5029422,0,0.05079999938607216,False,noncoding,minimap2
read_294_start42435611_len10000,42435611,42435612,1,60,0.05249999836087227,False,noncoding,minimap2
read_296_start37899448_len10000,37899448,37899449,1,60,0.05209999904036522,False,noncoding,minimap2
read_298_start48227056_len10000,48227056,48227057,1,60,0.051100000739097595,False,noncoding,minimap2
read_299_start15156132_len10000,15156132,15156133,1,60,0.047200001776218414,False,noncoding,minimap2
read_301_start15878027_len10000,15878027,15878028,1,39,0.05249999836087227,False,noncoding,minimap2
read_301_start15878027_len10000,15878027,10848607,5029420,0,0.05429999902844429,False,noncoding,minimap2
read_302_start43916916_len10000,43916916,43916917,1,60,0.04839999973773956,False,noncoding,minimap2
read_303_start37424308_len10000,37424308,37424310,2,60,0.04919999837875366,False,noncoding,minimap2
read_305_start47018342_len10000,47018342,47018343,1,60,0.046300001442432404,False,noncoding,minimap2
read_306_start37834280_len10000,37834280,37834281,1,60,0.048900000751018524,False,noncoding,minimap2
read_307_start49898735_len10000,49898735,49898736,1,60,0.04839999973773956,False,noncoding,minimap2
read_308_start41237927_len10000,41237927,41237928,1,60,0.048900000751018524,False,noncoding,minimap2
read_309_start21267335_len10000,21267335,21267342,7,60,0.05050000175833702,False,noncoding,minimap2
read_309_start21267335_len10000,21267335,21133211,134124,0,0.05400000140070915,False,noncoding,minimap2
read_309_start21267335_len10000,21267335,18832877,2434458,0,0.05590000003576279,False,noncoding,minimap2
read_310_start24882318_len10000,24882318,24882319,1,60,0.053300000727176666,False,noncoding,minimap2
read_311_start45360100_len10000,45360100,45360101,1,60,0.05000000074505806,False,noncoding,minimap2
read_312_start49988576_len10000,49988576,49988579,3,60,0.04910000041127205,False,noncoding,minimap2
read_313_start35862349_len10000,35862349,35862350,1,60,0.048500001430511475,False,noncoding,minimap2
read_314_start26838227_len10000,26838227,26838228,1,60,0.05079999938607216,False,noncoding,minimap2
read_315_start33749126_len10000,33749126,33749127,1,60,0.051100000739097595,False,noncoding,minimap2
read_316_start29409419_len10000,29409419,29409420,1,60,0.04820000007748604,False,noncoding,minimap2
read_317_start19760997_len10000,19760997,19760998,1,60,0.05209999904036522,False,noncoding,minimap2
read_318_start19761737_len10000,19761737,19761741,4,60,0.050999999046325684,False,noncoding,minimap2
read_319_start10694701_len10000,10694701,10694702,1,60,0.052000001072883606,False,noncoding,minimap2
read_320_start38239139_len10000,38239139,38239140,1,60,0.052299998700618744,False,noncoding,minimap2
read_321_start42906179_len10000,42906179,42906180,1,60,0.05139999836683273,False,noncoding,minimap2
read_323_start44064184_len10000,44064184,44064186,2,60,0.04969999939203262,False,noncoding,minimap2
read_324_start15756974_len10000,15756974,15756976,2,60,0.04740000143647194,False,noncoding,minimap2
read_326_start22003430_len10000,22003430,22003431,1,60,0.048500001430511475,False,noncoding,minimap2
read_327_start22525846_len10000,22525846,22525847,1,60,0.052000001072883606,False,noncoding,minimap2
read_328_start13089105_len10000,13089105,13089106,1,60,0.05220000073313713,False,noncoding,minimap2
read_329_start45862253_len10000,45862253,45862254,1,60,0.050200000405311584,False,noncoding,minimap2
read_330_start26987909_len10000,26987909,26987911,2,60,0.052299998700618744,False,noncoding,minimap2
read_331_start26162807_len10000,26162807,26162811,4,60,0.04800000041723251,False,noncoding,minimap2
read_333_start37044178_len10000,37044178,37044179,1,60,0.049400001764297485,False,noncoding,minimap2
read_334_start21144728_len10000,21144728,21144729,1,60,0.0551999993622303,False,noncoding,minimap2
read_335_start29534129_len10000,29534129,29534130,1,60,0.04820000007748604,False,noncoding,minimap2
read_336_start20139948_len10000,20139948,20139949,1,60,0.05040000006556511,False,noncoding,minimap2
read_338_start41678061_len10000,41678061,41678065,4,60,0.050999999046325684,False,noncoding,minimap2
read_339_start46432559_len10000,46432559,46432561,2,60,0.05009999871253967,False,noncoding,minimap2
read_340_start34316192_len10000,34316192,34316193,1,60,0.04839999973773956,False,noncoding,minimap2
read_342_start11205295_len10000,11205295,11210922,5627,60,0.048700001090765,False,noncoding,minimap2
read_343_start15677177_len10000,15677177,15677178,1,60,0.04639999940991402,False,noncoding,minimap2
read_344_start24016270_len10000,24016270,24016271,1,60,0.04809999838471413,False,noncoding,minimap2
read_345_start44577808_len10000,44577808,44577809,1,60,0.046799998730421066,False,noncoding,minimap2
read_346_start50479113_len10000,50479113,50479114,1,60,0.04800000041723251,False,noncoding,minimap2
read_347_start18900729_len10000,18900729,18900730,1,60,0.04989999905228615,False,noncoding,minimap2
read_348_start11678502_len10000,11678502,11681289,2787,60,0.04839999973773956,False,noncoding,minimap2
read_349_start50113384_len10000,50113384,50113385,1,60,0.05009999871253967,False,noncoding,minimap2
read_350_start31559050_len10000,31559050,31559052,2,60,0.04569999873638153,False,noncoding,minimap2
read_351_start50191017_len10000,50191017,50191018,1,60,0.0478999987244606,False,noncoding,minimap2
read_352_start19086179_len10000,19086179,19086180,1,60,0.04670000076293945,False,noncoding,minimap2
read_353_start10864668_len10000,10864668,10864669,1,23,0.05380000174045563,False,noncoding,minimap2
read_353_start10864668_len10000,10864668,15894084,5029416,0,0.054999999701976776,False,noncoding,minimap2
read_354_start15170750_len10000,15170750,15170751,1,60,0.050599999725818634,False,noncoding,minimap2
read_356_start12594648_len10000,12594648,12594652,4,60,0.05180000141263008,False,noncoding,minimap2
read_357_start27267072_len10000,27267072,27267075,3,60,0.0502999983727932,False,noncoding,minimap2
read_360_start40135334_len10000,40135334,40135335,1,60,0.052299998700618744,False,noncoding,minimap2
read_361_start48222516_len10000,48222516,48222517,1,60,0.051600001752376556,False,noncoding,minimap2
read_362_start29767891_len10000,29767891,29767892,1,60,0.04879999905824661,False,noncoding,minimap2
read_363_start42668019_len10000,42668019,42668020,1,60,0.05079999938607216,False,noncoding,minimap2
read_364_start17320990_len10000,17320990,17320992,2,60,0.051899999380111694,False,noncoding,minimap2
read_365_start19783919_len10000,19783919,19783920,1,60,0.047200001776218414,False,noncoding,minimap2
read_366_start11796015_len10000,11796015,11796016,1,60,0.05119999870657921,False,noncoding,minimap2
read_366_start11796015_len10000,11796015,12186082,390067,0,0.06520000100135803,False,noncoding,minimap2
read_367_start46434513_len10000,46434513,46434514,1,60,0.04729999974370003,False,noncoding,minimap2
read_368_start41582565_len10000,41582565,41582566,1,60,0.052799999713897705,False,noncoding,minimap2
read_369_start32374291_len10000,32374291,32374293,2,60,0.04919999837875366,False,noncoding,minimap2
read_370_start27543241_len10000,27543241,27543242,1,60,0.049800001084804535,False,noncoding,minimap2
read_371_start43979729_len10000,43979729,43979730,1,60,0.050999999046325684,False,noncoding,minimap2
read_373_start38437948_len10000,38437948,38437949,1,60,0.04809999838471413,False,noncoding,minimap2
read_374_start42997130_len10000,42997130,42997131,1,60,0.050200000405311584,False,noncoding,minimap2
read_375_start36126743_len10000,36126743,36126744,1,60,0.050700001418590546,False,noncoding,minimap2
read_376_start43492969_len10000,43492969,43492970,1,60,0.0478999987244606,False,noncoding,minimap2
read_377_start35625653_len10000,35625653,35625654,1,60,0.04859999939799309,False,noncoding,minimap2
read_378_start17433111_len10000,17433111,17433112,1,60,0.04830000177025795,False,noncoding,minimap2
read_379_start48513329_len10000,48513329,48513330,1,60,0.05000000074505806,False,noncoding,minimap2
read_380_start47715797_len10000,47715797,47715798,1,60,0.05299999937415123,False,noncoding,minimap2
read_381_start40846003_len10000,40846003,40846004,1,60,0.056299999356269836,False,noncoding,minimap2
read_384_start32181325_len10000,32181325,32181326,1,60,0.04470000043511391,False,noncoding,minimap2
read_385_start44179986_len10000,44179986,44179987,1,60,0.05090000107884407,False,noncoding,minimap2
read_386_start27123491_len10000,27123491,27123492,1,60,0.05260000005364418,False,noncoding,minimap2
read_389_start18982177_len10000,18982177,18982178,1,60,0.052400000393390656,False,noncoding,minimap2
read_390_start13982698_len10000,13982698,13982699,1,60,0.05270000174641609,False,noncoding,minimap2
read_391_start44680922_len10000,44680922,44680923,1,60,0.04729999974370003,False,noncoding,minimap2
read_392_start11217293_len10000,11217293,11217297,4,60,0.04960000142455101,False,noncoding,minimap2
read_393_start19263882_len10000,19263882,19263886,4,60,0.05380000174045563,False,noncoding,minimap2
read_394_start21833459_len10000,21833459,21833460,1,60,0.048500001430511475,False,noncoding,minimap2
read_395_start34600103_len10000,34600103,34600104,1,60,0.0544000007212162,False,noncoding,minimap2
read_397_start15825205_len10000,15825205,15825207,2,60,0.05090000107884407,False,noncoding,minimap2
read_398_start47313923_len10000,47313923,47313924,1,60,0.04879999905824661,False,noncoding,minimap2
read_399_start46500166_len10000,46500166,46500167,1,60,0.04470000043511391,False,noncoding,minimap2
read_400_start32301779_len10000,32301779,32301780,1,60,0.05000000074505806,False,noncoding,minimap2
read_403_start29985312_len10000,29985312,29985313,1,60,0.05420000106096268,False,noncoding,minimap2
read_404_start25031482_len10000,25031482,25031483,1,60,0.052000001072883606,False,noncoding,minimap2
read_406_start27387438_len10000,27387438,27387439,1,60,0.04989999905228615,False,noncoding,minimap2
read_408_start28937325_len10000,28937325,28937326,1,60,0.04670000076293945,False,noncoding,minimap2
read_409_start30786520_len10000,30786520,30786521,1,60,0.04610000178217888,False,noncoding,minimap2
read_412_start29089868_len10000,29089868,29089869,1,60,0.052400000393390656,False,noncoding,minimap2
read_413_start33161068_len10000,33161068,33161072,4,60,0.050700001418590546,False,noncoding,minimap2
read_414_start42121311_len10000,42121311,42121313,2,60,0.0502999983727932,False,noncoding,minimap2
read_415_start42702758_len10000,42702758,42702759,1,60,0.048500001430511475,False,noncoding,minimap2
read_418_start47764171_len10000,47764171,47764175,4,60,0.05050000175833702,False,noncoding,minimap2
read_419_start38613542_len10000,38613542,38613544,2,60,0.049300000071525574,False,noncoding,minimap2
read_420_start17430647_len10000,17430647,17430648,1,60,0.048900000751018524,False,noncoding,minimap2
read_421_start14961507_len10000,14961507,14961508,1,60,0.04749999940395355,False,noncoding,minimap2
read_422_start18336319_len10000,18336319,18339130,2811,41,0.05510000139474869,False,noncoding,minimap2
read_422_start18336319_len10000,18336319,18773402,437083,0,0.05849999934434891,False,noncoding,minimap2
read_422_start18336319_len10000,18336319,21207718,2871399,0,0.05999999865889549,False,noncoding,minimap2
read_422_start18336319_len10000,18336319,24622087,6285768,0,0.07419999688863754,False,noncoding,minimap2
read_423_start37583737_len10000,37583737,37583738,1,60,0.04969999939203262,False,noncoding,minimap2
read_424_start28256942_len10000,28256942,28256943,1,60,0.053700000047683716,False,noncoding,minimap2
read_426_start35529288_len10000,35529288,35529289,1,60,0.05530000105500221,False,noncoding,minimap2
read_428_start33979242_len10000,33979242,33979243,1,60,0.05249999836087227,False,noncoding,minimap2
read_429_start25479484_len10000,25479484,25479485,1,60,0.05079999938607216,False,noncoding,minimap2
read_431_start38329277_len10000,38329277,38329278,1,60,0.050700001418590546,False,noncoding,minimap2
read_433_start46918911_len10000,46918911,46918912,1,60,0.05609999969601631,False,noncoding,minimap2
read_434_start37477052_len10000,37477052,37477053,1,60,0.050700001418590546,False,noncoding,minimap2
read_435_start14467808_len10000,14467808,14467809,1,60,0.05400000140070915,False,noncoding,minimap2
read_436_start20057026_len10000,20057026,20057027,1,60,0.050599999725818634,False,noncoding,minimap2
read_437_start47877923_len10000,47877923,47877924,1,60,0.04879999905824661,False,noncoding,minimap2
read_439_start38353680_len10000,38353680,38353681,1,60,0.05119999870657921,False,noncoding,minimap2
read_440_start38666424_len10000,38666424,38666425,1,60,0.04989999905228615,False,noncoding,minimap2
read_442_start41740075_len10000,41740075,41740076,1,60,0.05169999971985817,False,noncoding,minimap2
read_443_start42286734_len10000,42286734,42286735,1,60,0.04699999839067459,False,noncoding,minimap2
read_444_start42548269_len10000,42548269,42548270,1,60,0.04910000041127205,False,noncoding,minimap2
read_445_start25878047_len10000,25878047,25878048,1,60,0.05050000175833702,False,noncoding,minimap2
read_446_start46198773_len10000,46198773,46198774,1,60,0.04699999839067459,False,noncoding,minimap2
read_447_start17156597_len10000,17156597,17156598,1,60,0.05050000175833702,False,noncoding,minimap2
read_448_start40000113_len10000,40000113,40000114,1,60,0.05050000175833702,True,coding,minimap2
read_449_start22282568_len10000,22282568,22282569,1,60,0.046799998730421066,False,noncoding,minimap2
read_450_start31580199_len10000,31580199,31580201,2,60,0.04699999839067459,False,noncoding,minimap2
read_451_start48480322_len10000,48480322,48480323,1,60,0.05130000039935112,False,noncoding,minimap2
read_452_start49380433_len10000,49380433,49380434,1,60,0.05130000039935112,False,noncoding,minimap2
read_453_start34969194_len10000,34969194,34969195,1,60,0.04989999905228615,False,noncoding,minimap2
read_454_start19724484_len10000,19724484,19724485,1,60,0.050999999046325684,False,noncoding,minimap2
read_455_start26936148_len10000,26936148,26936149,1,60,0.05380000174045563,False,noncoding,minimap2
read_456_start30645479_len10000,30645479,30645480,1,60,0.05350000038743019,False,noncoding,minimap2
read_457_start17178695_len10000,17178695,17178696,1,60,0.0502999983727932,False,noncoding,minimap2
read_458_start31277272_len10000,31277272,31277278,6,60,0.04769999906420708,False,noncoding,minimap2
read_460_start49568806_len10000,49568806,49568807,1,60,0.05079999938607216,False,noncoding,minimap2
read_461_start40283689_len10000,40283689,40283690,1,60,0.049300000071525574,False,noncoding,minimap2
read_462_start34047905_len10000,34047905,34047906,1,60,0.052799999713897705,False,noncoding,minimap2
read_463_start23422419_len10000,23422419,23422420,1,60,0.04989999905228615,False,noncoding,minimap2
read_464_start47710144_len10000,47710144,47710148,4,60,0.05040000006556511,False,noncoding,minimap2
read_467_start31973260_len10000,31973260,31973272,12,60,0.04919999837875366,False,noncoding,minimap2
read_468_start36617943_len10000,36617943,36617944,1,60,0.04600000008940697,False,noncoding,minimap2
read_469_start43604825_len10000,43604825,43604826,1,60,0.05040000006556511,False,noncoding,minimap2
read_470_start49333820_len10000,49333820,49333821,1,60,0.05079999938607216,False,noncoding,minimap2
read_471_start23280292_len10000,23280292,23280293,1,60,0.051500000059604645,False,noncoding,minimap2
read_472_start21271813_len10000,21271813,21271814,1,60,0.04989999905228615,False,noncoding,minimap2
read_472_start21271813_len10000,21271813,21128707,143106,0,0.053700000047683716,False,noncoding,minimap2
read_472_start21271813_len10000,21271813,18837353,2434460,0,0.06080000102519989,False,noncoding,minimap2
read_473_start15175489_len10000,15175489,15175490,1,60,0.050700001418590546,False,noncoding,minimap2
read_474_start18735193_len10000,18735193,18735194,1,60,0.05180000141263008,False,noncoding,minimap2
read_474_start18735193_len10000,18735193,18374864,360329,0,0.059300001710653305,False,noncoding,minimap2
read_474_start18735193_len10000,18735193,21169108,2433915,0,0.06260000169277191,False,noncoding,minimap2
read_474_start18735193_len10000,18735193,18190563,544630,0,0.06270000338554382,False,noncoding,minimap2
read_474_start18735193_len10000,18735193,21313680,2578487,0,0.06340000033378601,False,noncoding,minimap2
read_474_start18735193_len10000,18735193,20340159,1604966,0,0.06419999897480011,False,noncoding,minimap2
read_475_start44828865_len10000,44828865,44828866,1,60,0.04600000008940697,False,noncoding,minimap2
read_477_start49569922_len10000,49569922,49569923,1,60,0.04839999973773956,False,noncoding,minimap2
read_478_start44050676_len10000,44050676,44050677,1,60,0.04659999907016754,False,noncoding,minimap2
read_479_start15511944_len10000,15511944,15511945,1,60,0.048500001430511475,False,noncoding,minimap2
read_480_start15190998_len10000,15190998,15191000,2,60,0.04830000177025795,False,noncoding,minimap2
read_481_start26721012_len10000,26721012,26721013,1,60,0.049300000071525574,False,noncoding,minimap2
read_482_start29802081_len10000,29802081,29802083,2,60,0.04659999907016754,False,noncoding,minimap2
read_484_start19514396_len10000,19514396,19514397,1,60,0.05009999871253967,False,noncoding,minimap2
read_485_start26087465_len10000,26087465,26087466,1,60,0.055399999022483826,False,noncoding,minimap2
read_486_start35648132_len10000,35648132,35648133,1,60,0.050599999725818634,False,noncoding,minimap2
read_487_start17122770_len10000,17122770,17122771,1,60,0.05380000174045563,False,noncoding,minimap2
read_488_start35953734_len10000,35953734,35953735,1,60,0.0494999997317791,False,noncoding,minimap2
read_489_start43750472_len10000,43750472,43750475,3,60,0.048900000751018524,False,noncoding,minimap2
read_490_start36615327_len10000,36615327,36615328,1,60,0.04439999908208847,False,noncoding,minimap2
read_491_start19315494_len10000,19315494,19315495,1,60,0.05480000004172325,False,noncoding,minimap2
read_492_start48743921_len10000,48743921,48743922,1,60,0.049800001084804535,False,noncoding,minimap2
read_493_start33379566_len10000,33379566,33379567,1,60,0.051600001752376556,False,noncoding,minimap2
read_494_start19428814_len10000,19428814,19428815,1,60,0.047600001096725464,False,noncoding,minimap2
read_495_start40519793_len10000,40519793,40519794,1,60,0.052299998700618744,False,noncoding,minimap2
read_497_start29291949_len10000,29291949,29291950,1,60,0.04610000178217888,False,noncoding,minimap2
read_498_start30414182_len10000,30414182,30414183,1,60,0.052299998700618744,False,noncoding,minimap2
read_499_start37400130_len10000,37400130,37400131,1,60,0.05209999904036522,False,noncoding,minimap2
read_502_start24018811_len10000,24018811,24018812,1,60,0.04769999906420708,False,noncoding,minimap2
read_504_start22196520_len10000,22196520,22196521,1,60,0.04809999838471413,False,noncoding,minimap2
read_505_start21721184_len10000,21721184,21721185,1,60,0.05350000038743019,False,noncoding,minimap2
read_506_start30236737_len10000,30236737,30236738,1,60,0.050599999725818634,False,noncoding,minimap2
read_507_start46954859_len10000,46954859,46954860,1,60,0.04899999871850014,False,noncoding,minimap2
read_508_start31552724_len10000,31552724,31552725,1,60,0.04600000008940697,False,noncoding,minimap2
read_509_start46267097_len10000,46267097,46267098,1,60,0.05000000074505806,False,noncoding,minimap2
read_510_start19936302_len10000,19936302,19936307,5,60,0.052299998700618744,False,noncoding,minimap2
read_511_start17057337_len10000,17057337,17057338,1,60,0.05139999836683273,False,noncoding,minimap2
read_513_start14144099_len10000,14144099,14144100,1,60,0.05139999836683273,False,noncoding,minimap2
read_514_start41437350_len10000,41437350,41437351,1,60,0.05119999870657921,False,noncoding,minimap2
read_516_start40973427_len10000,40973427,40973428,1,60,0.049800001084804535,False,noncoding,minimap2
read_518_start34891026_len10000,34891026,34891027,1,60,0.049300000071525574,False,noncoding,minimap2
read_519_start12708916_len10000,12708916,12708917,1,60,0.05090000107884407,False,noncoding,minimap2
read_519_start12708916_len10000,12708916,12215588,493328,0,0.060600001364946365,False,noncoding,minimap2
read_520_start44139120_len10000,44139120,44139121,1,60,0.04899999871850014,False,noncoding,minimap2
read_521_start28712286_len10000,28712286,28712293,7,60,0.052299998700618744,False,noncoding,minimap2
read_524_start43224211_len10000,43224211,43224212,1,60,0.04800000041723251,False,noncoding,minimap2
read_525_start42942041_len10000,42942041,42942042,1,60,0.04540000110864639,False,noncoding,minimap2
read_526_start25209242_len10000,25209242,25209243,1,60,0.05119999870657921,False,noncoding,minimap2
read_527_start16685737_len10000,16685737,16685738,1,60,0.04879999905824661,False,noncoding,minimap2
read_529_start16657701_len10000,16657701,16657702,1,60,0.052000001072883606,False,noncoding,minimap2
read_531_start38737789_len10000,38737789,38737790,1,60,0.04780000075697899,False,noncoding,minimap2
read_532_start44654931_len10000,44654931,44654932,1,60,0.04749999940395355,False,noncoding,minimap2
read_533_start33915392_len10000,33915392,33915393,1,60,0.04800000041723251,False,noncoding,minimap2
read_534_start29312614_len10000,29312614,29312615,1,60,0.04839999973773956,False,noncoding,minimap2
read_535_start20205473_len10000,20205473,20205476,3,60,0.05290000140666962,False,noncoding,minimap2
read_536_start23111625_len10000,23111625,23111627,2,60,0.04910000041127205,False,noncoding,minimap2
read_537_start17258441_len10000,17258441,17258442,1,60,0.050200000405311584,False,noncoding,minimap2
read_539_start49445699_len10000,49445699,49445700,1,60,0.04529999941587448,False,noncoding,minimap2
read_540_start50602324_len10000,50602324,50602328,4,60,0.0502999983727932,False,noncoding,minimap2
read_541_start37678463_len10000,37678463,37678464,1,60,0.05270000174641609,False,noncoding,minimap2
read_542_start16747553_len10000,16747553,16747554,1,60,0.053300000727176666,False,noncoding,minimap2
read_543_start45483565_len10000,45483565,45483566,1,60,0.05570000037550926,False,noncoding,minimap2
read_544_start28230191_len10000,28230191,28230192,1,60,0.050200000405311584,False,noncoding,minimap2
read_545_start15616783_len10000,15616783,15616784,1,60,0.05260000005364418,False,noncoding,minimap2
read_546_start31739879_len10000,31739879,31739880,1,60,0.047600001096725464,False,noncoding,minimap2
read_547_start29993745_len10000,29993745,29993746,1,60,0.04740000143647194,False,noncoding,minimap2
read_548_start37782375_len10000,37782375,37782376,1,60,0.05130000039935112,False,noncoding,minimap2
read_550_start49741890_len10000,49741890,49741891,1,60,0.04910000041127205,False,noncoding,minimap2
read_551_start35542837_len10000,35542837,35542838,1,60,0.052400000393390656,False,noncoding,minimap2
read_552_start32812189_len10000,32812189,32812190,1,60,0.049800001084804535,False,noncoding,minimap2
read_554_start22239378_len10000,22239378,22239379,1,60,0.04769999906420708,False,noncoding,minimap2
read_555_start33258038_len10000,33258038,33258039,1,60,0.0502999983727932,False,noncoding,minimap2
read_558_start16277017_len10000,16277017,16277018,1,60,0.05689999833703041,False,noncoding,minimap2
read_559_start16564545_len10000,16564545,16564546,1,60,0.05180000141263008,False,noncoding,minimap2
read_560_start48440349_len10000,48440349,48440350,1,60,0.048500001430511475,False,noncoding,minimap2
read_561_start25034600_len10000,25034600,25034601,1,60,0.05119999870657921,False,noncoding,minimap2
read_562_start21889483_len10000,21889483,21889484,1,60,0.05009999871253967,False,noncoding,minimap2
read_563_start33378358_len10000,33378358,33378359,1,60,0.04989999905228615,False,noncoding,minimap2
read_564_start30258164_len10000,30258164,30258165,1,60,0.050200000405311584,False,noncoding,minimap2
read_566_start21520466_len10000,21520466,21520467,1,48,0.04780000075697899,False,noncoding,minimap2
read_566_start21520466_len10000,21520466,21404407,116059,0,0.05090000107884407,False,noncoding,minimap2
read_566_start21520466_len10000,21520466,18580908,2939558,0,0.05220000073313713,False,noncoding,minimap2
read_567_start15693068_len10000,15693068,15693069,1,60,0.05130000039935112,False,noncoding,minimap2
read_568_start27485500_len10000,27485500,27485501,1,60,0.052400000393390656,False,noncoding,minimap2
read_569_start20870921_len10000,20870921,20870922,1,60,0.05009999871253967,False,noncoding,minimap2
read_570_start47042127_len10000,47042127,47042128,1,60,0.04690000042319298,False,noncoding,minimap2
read_571_start15006523_len10000,15006523,15006524,1,52,0.048700001090765,False,noncoding,minimap2
read_573_start41378517_len10000,41378517,41378518,1,60,0.05090000107884407,False,noncoding,minimap2
read_575_start23441826_len10000,23441826,23441827,1,60,0.04809999838471413,False,noncoding,minimap2
read_576_start25702837_len10000,25702837,25702838,1,60,0.050999999046325684,False,noncoding,minimap2
read_577_start15694537_len10000,15694537,15694538,1,60,0.04780000075697899,False,noncoding,minimap2
read_578_start34687845_len10000,34687845,34687846,1,60,0.048500001430511475,False,noncoding,minimap2
read_579_start44834209_len10000,44834209,44834210,1,60,0.053199999034404755,False,noncoding,minimap2
read_580_start31984800_len10000,31984800,31984801,1,60,0.052799999713897705,False,noncoding,minimap2
read_581_start37897861_len10000,37897861,37897862,1,60,0.05090000107884407,False,noncoding,minimap2
read_582_start50049336_len10000,50049336,50049337,1,60,0.04859999939799309,False,noncoding,minimap2
read_583_start27494942_len10000,27494942,27494943,1,60,0.048500001430511475,False,noncoding,minimap2
read_585_start23649945_len10000,23649945,23649946,1,60,0.050200000405311584,False,noncoding,minimap2
read_586_start33118600_len10000,33118600,33118601,1,60,0.04919999837875366,False,noncoding,minimap2
read_588_start38657949_len10000,38657949,38657950,1,60,0.0494999997317791,False,noncoding,minimap2
read_589_start35293368_len10000,35293368,35293369,1,60,0.052000001072883606,False,noncoding,minimap2
read_590_start30227896_len10000,30227896,30227897,1,60,0.05270000174641609,False,noncoding,minimap2
read_591_start40768982_len10000,40768982,40768994,12,60,0.049800001084804535,False,noncoding,minimap2
read_592_start24689223_len10000,24689223,24689224,1,60,0.051600001752376556,False,noncoding,minimap2
read_593_start21455405_len10000,21455405,21455407,2,60,0.05079999938607216,False,noncoding,minimap2
read_594_start36435038_len10000,36435038,36435042,4,60,0.05050000175833702,False,noncoding,minimap2
read_595_start31320365_len10000,31320365,31320366,1,60,0.04859999939799309,False,noncoding,minimap2
read_596_start49077060_len10000,49077060,49077061,1,60,0.04740000143647194,False,noncoding,minimap2
read_597_start48091897_len10000,48091897,48091898,1,60,0.05050000175833702,False,noncoding,minimap2
read_598_start12804193_len10000,12804193,12804194,1,60,0.05090000107884407,False,noncoding,minimap2
read_599_start43633436_len10000,43633436,43633437,1,60,0.04800000041723251,False,noncoding,minimap2
read_600_start31137117_len10000,31137117,31137118,1,60,0.05249999836087227,False,noncoding,minimap2
read_601_start37064160_len10000,37064160,37064161,1,60,0.048900000751018524,False,noncoding,minimap2
read_602_start41837517_len10000,41837517,41837518,1,60,0.04910000041127205,False,noncoding,minimap2
read_604_start22659796_len10000,22659796,22659797,1,60,0.0494999997317791,False,noncoding,minimap2
read_605_start11930989_len10000,11930989,11930990,1,60,0.050200000405311584,False,noncoding,minimap2
read_606_start20949131_len10000,20949131,20949132,1,60,0.05000000074505806,False,noncoding,minimap2
read_607_start40506613_len10000,40506613,40506614,1,60,0.048500001430511475,False,noncoding,minimap2
read_609_start19076019_len10000,19076019,19076020,1,60,0.048900000751018524,False,noncoding,minimap2
read_610_start15846639_len10000,15846639,15846642,3,60,0.05000000074505806,False,noncoding,minimap2
read_611_start45153016_len10000,45153016,45153020,4,60,0.05290000140666962,False,noncoding,minimap2
read_612_start44692663_len10000,44692663,44692666,3,60,0.04780000075697899,False,noncoding,minimap2
read_613_start19301433_len10000,19301433,19301434,1,60,0.048500001430511475,False,noncoding,minimap2
read_614_start40060820_len10000,40060820,40060821,1,60,0.05009999871253967,False,noncoding,minimap2
read_615_start24492166_len10000,24492166,24492167,1,60,0.05209999904036522,False,noncoding,minimap2
read_616_start18542445_len10000,18542445,18542446,1,60,0.050200000405311584,False,noncoding,minimap2
read_616_start18542445_len10000,18542445,21481800,2939355,0,0.05570000037550926,False,noncoding,minimap2
read_617_start24522546_len10000,24522546,24522549,3,60,0.04729999974370003,False,noncoding,minimap2
read_618_start15475584_len10000,15475584,15475585,1,60,0.053700000047683716,False,noncoding,minimap2
read_619_start33305544_len10000,33305544,33305545,1,60,0.046799998730421066,False,noncoding,minimap2
read_620_start24030768_len10000,24030768,24030769,1,60,0.04899999871850014,False,noncoding,minimap2
read_621_start21863339_len10000,21863339,21863340,1,60,0.04830000177025795,False,noncoding,minimap2
read_622_start19295080_len10000,19295080,19295083,3,60,0.052000001072883606,False,noncoding,minimap2
read_623_start28155095_len10000,28155095,28155096,1,60,0.0478999987244606,False,noncoding,minimap2
read_624_start32981720_len10000,32981720,32981721,1,60,0.050200000405311584,False,noncoding,minimap2
read_627_start14617213_len10000,14617213,14617214,1,60,0.048700001090765,False,noncoding,minimap2
read_628_start36070908_len10000,36070908,36070909,1,60,0.0502999983727932,False,noncoding,minimap2
read_629_start41835411_len10000,41835411,41835412,1,60,0.05119999870657921,False,noncoding,minimap2
read_631_start35553260_len10000,35553260,35553264,4,60,0.04740000143647194,False,noncoding,minimap2
read_632_start38899961_len10000,38899961,38899962,1,60,0.0544000007212162,False,noncoding,minimap2
read_633_start41244355_len10000,41244355,41244362,7,60,0.04839999973773956,False,noncoding,minimap2
read_634_start34862865_len10000,34862865,34862866,1,60,0.0502999983727932,False,noncoding,minimap2
read_635_start38920706_len10000,38920706,38920707,1,60,0.049300000071525574,False,noncoding,minimap2
read_636_start47275568_len10000,47275568,47275575,7,60,0.052400000393390656,False,noncoding,minimap2
read_638_start26053037_len10000,26053037,26053038,1,60,0.04969999939203262,False,noncoding,minimap2
read_639_start15008957_len10000,15008957,15008958,1,60,0.044599998742341995,False,noncoding,minimap2
read_642_start44026554_len10000,44026554,44026556,2,60,0.047600001096725464,False,noncoding,minimap2
read_643_start39872506_len10000,39872506,39872507,1,60,0.04749999940395355,False,noncoding,minimap2
read_644_start41857873_len10000,41857873,41857874,1,60,0.051500000059604645,False,noncoding,minimap2
read_645_start50182938_len10000,50182938,50182939,1,60,0.04699999839067459,False,noncoding,minimap2
read_647_start27329256_len10000,27329256,27329257,1,60,0.04839999973773956,False,noncoding,minimap2
read_649_start34987357_len10000,34987357,34987360,3,60,0.046799998730421066,False,noncoding,minimap2
read_650_start44068450_len10000,44068450,44068451,1,60,0.05000000074505806,False,noncoding,minimap2
read_651_start34749226_len10000,34749226,34749227,1,60,0.050999999046325684,False,noncoding,minimap2
read_653_start41429461_len10000,41429461,41429464,3,60,0.05389999970793724,False,noncoding,minimap2
read_654_start24278874_len10000,24278874,24278875,1,60,0.051600001752376556,False,noncoding,minimap2
read_655_start28040253_len10000,28040253,28040254,1,60,0.04960000142455101,False,noncoding,minimap2
read_656_start37233560_len10000,37233560,37233561,1,60,0.050700001418590546,False,noncoding,minimap2
read_657_start50072734_len10000,50072734,50072735,1,60,0.0471000000834465,False,noncoding,minimap2
read_658_start37360832_len10000,37360832,37360836,4,60,0.050200000405311584,False,noncoding,minimap2
read_659_start17483729_len10000,17483729,17483730,1,60,0.04830000177025795,False,noncoding,minimap2
read_660_start22246740_len10000,22246740,22246741,1,60,0.048900000751018524,False,noncoding,minimap2
read_661_start23799974_len10000,23799974,23799975,1,60,0.04699999839067459,False,noncoding,minimap2
read_662_start40608041_len10000,40608041,40608042,1,60,0.05139999836683273,False,noncoding,minimap2
read_663_start19081400_len10000,19081400,19081401,1,60,0.05119999870657921,False,noncoding,minimap2
read_664_start30892660_len10000,30892660,30892661,1,60,0.05050000175833702,False,noncoding,minimap2
read_665_start13064759_len10000,13064759,13064760,1,60,0.047600001096725464,False,noncoding,minimap2
read_668_start38459469_len10000,38459469,38459470,1,60,0.04729999974370003,False,noncoding,minimap2
read_669_start16039942_len10000,16039942,16039943,1,60,0.0471000000834465,False,noncoding,minimap2
read_671_start11419864_len10000,11419864,11428057,8193,60,0.05979999899864197,False,noncoding,minimap2
read_672_start17415110_len10000,17415110,17415111,1,60,0.054499998688697815,False,noncoding,minimap2
read_673_start29469216_len10000,29469216,29469217,1,60,0.05090000107884407,False,noncoding,minimap2
read_674_start21444359_len10000,21444359,21444360,1,60,0.05079999938607216,False,noncoding,minimap2
read_675_start37788564_len10000,37788564,37788565,1,60,0.04960000142455101,False,noncoding,minimap2
read_676_start22531868_len10000,22531868,22531869,1,60,0.04839999973773956,False,noncoding,minimap2
read_679_start36382450_len10000,36382450,36382452,2,60,0.05000000074505806,False,noncoding,minimap2
read_680_start16584782_len10000,16584782,16584783,1,60,0.04879999905824661,False,noncoding,minimap2
read_681_start46988768_len10000,46988768,46988769,1,60,0.04879999905824661,False,noncoding,minimap2
read_683_start16130917_len10000,16130917,16130918,1,60,0.049300000071525574,False,noncoding,minimap2
read_684_start16842370_len10000,16842370,16842371,1,60,0.05209999904036522,False,noncoding,minimap2
read_685_start29773744_len10000,29773744,29773745,1,60,0.05169999971985817,False,noncoding,minimap2
read_687_start19949319_len10000,19949319,19949320,1,60,0.050999999046325684,False,noncoding,minimap2
read_688_start14208256_len10000,14208256,14208262,6,60,0.04910000041127205,False,noncoding,minimap2
read_689_start18900700_len10000,18900700,18900701,1,60,0.05550000071525574,False,noncoding,minimap2
read_690_start32950162_len10000,32950162,32950163,1,60,0.05299999937415123,False,noncoding,minimap2
read_691_start19155196_len10000,19155196,19155197,1,60,0.04820000007748604,False,noncoding,minimap2
read_692_start38095465_len10000,38095465,38095466,1,60,0.04960000142455101,False,noncoding,minimap2
read_694_start45061127_len10000,45061127,45061128,1,60,0.05249999836087227,False,noncoding,minimap2
read_695_start42097998_len10000,42097998,42097999,1,60,0.04960000142455101,False,noncoding,minimap2
read_697_start29854919_len10000,29854919,29854920,1,60,0.05130000039935112,False,noncoding,minimap2
read_698_start35667999_len10000,35667999,35668000,1,60,0.05079999938607216,False,noncoding,minimap2
read_699_start18427517_len10000,18427517,18427518,1,4,0.054099999368190765,False,noncoding,minimap2
read_699_start18427517_len10000,18427517,18191211,236306,0,0.05420000106096268,False,noncoding,minimap2
read_699_start18427517_len10000,18427517,21314328,2886811,0,0.06080000102519989,False,noncoding,minimap2
read_699_start18427517_len10000,18427517,18878467,450950,0,0.061900001019239426,False,noncoding,minimap2
read_699_start18427517_len10000,18427517,21172487,2744970,0,0.061500001698732376,False,noncoding,minimap2
read_699_start18427517_len10000,18427517,20343537,1916020,0,0.062300000339746475,False,noncoding,minimap2
read_700_start37459161_len10000,37459161,37459162,1,60,0.046300001442432404,False,noncoding,minimap2
read_702_start25087587_len10000,25087587,25087588,1,60,0.04479999840259552,False,noncoding,minimap2
read_703_start27111686_len10000,27111686,27111687,1,60,0.05050000175833702,False,noncoding,minimap2
read_704_start37469735_len10000,37469735,37469736,1,60,0.0502999983727932,False,noncoding,minimap2
read_705_start19765483_len10000,19765483,19765490,7,60,0.05389999970793724,False,noncoding,minimap2
read_706_start13791770_len10000,13791770,13791771,1,60,0.05180000141263008,False,noncoding,minimap2
read_707_start29990124_len10000,29990124,29990125,1,60,0.050999999046325684,False,noncoding,minimap2
read_708_start32784434_len10000,32784434,32784435,1,60,0.04960000142455101,False,noncoding,minimap2
read_709_start28406398_len10000,28406398,28406399,1,60,0.04699999839067459,False,noncoding,minimap2
read_710_start30679046_len10000,30679046,30679050,4,60,0.052299998700618744,False,noncoding,minimap2
read_712_start44584189_len10000,44584189,44584190,1,60,0.05130000039935112,False,noncoding,minimap2
read_713_start39934648_len10000,39934648,39934652,4,60,0.04740000143647194,False,noncoding,minimap2
read_714_start44730721_len10000,44730721,44730722,1,60,0.049300000071525574,False,noncoding,minimap2
read_715_start11722537_len10000,11722537,11722538,1,60,0.05350000038743019,False,noncoding,minimap2
read_715_start11722537_len10000,11722537,12149637,427100,0,0.07020000368356705,False,noncoding,minimap2
read_715_start11722537_len10000,11722537,11840634,118097,0,0.07100000232458115,False,noncoding,minimap2
read_716_start16306293_len10000,16306293,16307606,1313,60,0.06679999828338623,False,noncoding,minimap2
read_716_start16306293_len10000,16306293,16314011,7718,60,0.04910000041127205,False,noncoding,minimap2
read_716_start16306293_len10000,16306293,16306294,1,60,0.04520000144839287,False,noncoding,minimap2
read_717_start30834859_len10000,30834859,30834860,1,60,0.05209999904036522,False,noncoding,minimap2
read_718_start45009419_len10000,45009419,45009420,1,60,0.049300000071525574,False,noncoding,minimap2
read_719_start12494233_len10000,12494233,12494237,4,60,0.048500001430511475,False,noncoding,minimap2
read_719_start12494233_len10000,12494233,12359924,134309,0,0.05429999902844429,False,noncoding,minimap2
read_720_start19071560_len10000,19071560,19071561,1,60,0.050700001418590546,False,noncoding,minimap2
read_721_start43245341_len10000,43245341,43245345,4,60,0.0502999983727932,False,noncoding,minimap2
read_722_start34632499_len10000,34632499,34632500,1,60,0.04919999837875366,False,noncoding,minimap2
read_725_start12083647_len10000,12083647,12083648,1,60,0.05079999938607216,False,noncoding,minimap2
read_726_start44571007_len10000,44571007,44571008,1,60,0.0494999997317791,False,noncoding,minimap2
read_727_start29199365_len10000,29199365,29199366,1,60,0.0494999997317791,False,noncoding,minimap2
read_728_start13298242_len10000,13298242,13298243,1,60,0.045499999076128006,False,noncoding,minimap2
read_729_start36785550_len10000,36785550,36785551,1,60,0.049800001084804535,False,noncoding,minimap2
read_730_start39034542_len10000,39034542,39034543,1,60,0.04800000041723251,False,noncoding,minimap2
read_731_start26465360_len10000,26465360,26465361,1,60,0.04320000112056732,False,noncoding,minimap2
read_732_start28608834_len10000,28608834,28608835,1,60,0.047600001096725464,False,noncoding,minimap2
read_733_start16794042_len10000,16794042,16794043,1,60,0.04960000142455101,False,noncoding,minimap2
read_735_start36673670_len10000,36673670,36673671,1,60,0.04690000042319298,False,noncoding,minimap2
read_736_start14159805_len10000,14159805,14159806,1,60,0.05130000039935112,False,noncoding,minimap2
read_738_start42614574_len10000,42614574,42614575,1,60,0.049400001764297485,False,noncoding,minimap2
read_739_start46887301_len10000,46887301,46887302,1,60,0.04830000177025795,False,noncoding,minimap2
read_740_start27979640_len10000,27979640,27979644,4,60,0.050999999046325684,False,noncoding,minimap2
read_742_start46638235_len10000,46638235,46638236,1,60,0.05000000074505806,False,noncoding,minimap2
read_743_start11567312_len10000,11567312,11567313,1,60,0.049400001764297485,False,noncoding,minimap2
read_744_start16837621_len10000,16837621,16837622,1,60,0.051899999380111694,False,noncoding,minimap2
read_745_start25079205_len10000,25079205,25079206,1,60,0.0502999983727932,False,noncoding,minimap2
read_746_start47854971_len10000,47854971,47854972,1,60,0.050700001418590546,False,noncoding,minimap2
read_747_start40807430_len10000,40807430,40807431,1,60,0.0494999997317791,False,noncoding,minimap2
read_748_start39323317_len10000,39323317,39323318,1,60,0.05260000005364418,False,noncoding,minimap2
read_752_start35181460_len10000,35181460,35181461,1,60,0.051600001752376556,False,noncoding,minimap2
read_753_start11871741_len10000,11871741,11871742,1,60,0.05000000074505806,False,noncoding,minimap2
read_756_start50760062_len10000,50760062,50760063,1,60,0.05119999870657921,False,noncoding,minimap2
read_758_start43100333_len10000,43100333,43100334,1,60,0.04969999939203262,False,noncoding,minimap2
read_759_start44124489_len10000,44124489,44124490,1,60,0.05139999836683273,False,noncoding,minimap2
read_760_start22952238_len10000,22952238,22952240,2,60,0.046300001442432404,False,noncoding,minimap2
read_761_start24512033_len10000,24512033,24512034,1,60,0.04960000142455101,False,noncoding,minimap2
read_762_start26000048_len10000,26000048,26000054,6,60,0.051100000739097595,False,noncoding,minimap2
read_763_start16912235_len10000,16912235,16912236,1,60,0.04780000075697899,False,noncoding,minimap2
read_764_start32263152_len10000,32263152,32263154,2,60,0.051600001752376556,False,noncoding,minimap2
read_765_start46675198_len10000,46675198,46675199,1,60,0.05180000141263008,False,noncoding,minimap2
read_766_start25059018_len10000,25059018,25059019,1,60,0.05420000106096268,False,noncoding,minimap2
read_767_start19819584_len10000,19819584,19819585,1,60,0.048900000751018524,False,noncoding,minimap2
read_771_start24786667_len10000,24786667,24786668,1,60,0.05660000070929527,False,noncoding,minimap2
read_772_start48110675_len10000,48110675,48110676,1,60,0.052000001072883606,False,noncoding,minimap2
read_773_start21700359_len10000,21700359,21700360,1,60,0.04780000075697899,False,noncoding,minimap2
read_774_start29020950_len10000,29020950,29020955,5,60,0.048500001430511475,False,noncoding,minimap2
read_775_start24879847_len10000,24879847,24879848,1,60,0.05350000038743019,False,noncoding,minimap2
read_776_start23290047_len10000,23290047,23290048,1,60,0.052799999713897705,False,noncoding,minimap2
read_777_start21855199_len10000,21855199,21855200,1,60,0.049800001084804535,False,noncoding,minimap2
read_778_start32656199_len10000,32656199,32656205,6,60,0.05000000074505806,False,noncoding,minimap2
read_779_start13378388_len10000,13378388,13378392,4,60,0.049800001084804535,False,noncoding,minimap2
read_780_start41146725_len10000,41146725,41146726,1,60,0.05090000107884407,False,noncoding,minimap2
read_781_start36585132_len10000,36585132,36585133,1,60,0.05299999937415123,False,noncoding,minimap2
read_782_start44805907_len10000,44805907,44805908,1,60,0.051500000059604645,False,noncoding,minimap2
read_783_start45585992_len10000,45585992,45585993,1,60,0.05139999836683273,False,noncoding,minimap2
read_784_start44550879_len10000,44550879,44550880,1,60,0.046300001442432404,False,noncoding,minimap2
read_785_start33208870_len10000,33208870,33208871,1,60,0.05299999937415123,False,noncoding,minimap2
read_786_start16327578_len10000,16327578,16327579,1,60,0.04919999837875366,False,noncoding,minimap2
read_787_start45085557_len10000,45085557,45085558,1,60,0.052299998700618744,False,noncoding,minimap2
read_789_start41266185_len10000,41266185,41266186,1,60,0.05090000107884407,False,noncoding,minimap2
read_790_start42428706_len10000,42428706,42428707,1,60,0.047600001096725464,False,noncoding,minimap2
read_791_start17207692_len10000,17207692,17207696,4,60,0.052299998700618744,False,noncoding,minimap2
read_792_start11043516_len10000,11043516,11043517,1,60,0.04919999837875366,False,noncoding,minimap2
read_793_start19017131_len10000,19017131,19017132,1,60,0.05130000039935112,False,noncoding,minimap2
read_796_start36614803_len10000,36614803,36614804,1,60,0.04960000142455101,False,noncoding,minimap2
read_797_start19103535_len10000,19103535,19103536,1,60,0.05260000005364418,False,noncoding,minimap2
read_798_start26054398_len10000,26054398,26054399,1,60,0.051600001752376556,False,noncoding,minimap2
read_799_start43990244_len10000,43990244,43990247,3,60,0.0494999997317791,False,noncoding,minimap2
read_800_start25242880_len10000,25242880,25242881,1,60,0.05079999938607216,False,noncoding,minimap2
read_802_start48240628_len10000,48240628,48240629,1,60,0.050999999046325684,False,noncoding,minimap2
read_803_start22460212_len10000,22460212,22460213,1,60,0.05119999870657921,False,noncoding,minimap2
read_804_start23353972_len10000,23353972,23353973,1,60,0.0494999997317791,False,noncoding,minimap2
read_805_start35567378_len10000,35567378,35567379,1,60,0.04769999906420708,False,noncoding,minimap2
read_806_start12613352_len10000,12613352,12613353,1,60,0.04610000178217888,False,noncoding,minimap2
read_807_start25340921_len10000,25340921,25340922,1,60,0.05209999904036522,False,noncoding,minimap2
read_808_start42744598_len10000,42744598,42744599,1,60,0.051600001752376556,False,noncoding,minimap2
read_809_start42489343_len10000,42489343,42489344,1,60,0.04839999973773956,False,noncoding,minimap2
read_812_start32722547_len10000,32722547,32722548,1,60,0.05660000070929527,False,noncoding,minimap2
read_814_start43621545_len10000,43621545,43621546,1,60,0.05339999869465828,False,noncoding,minimap2
read_815_start31487017_len10000,31487017,31487018,1,60,0.05209999904036522,False,noncoding,minimap2
read_816_start41722735_len10000,41722735,41722736,1,60,0.045099999755620956,False,noncoding,minimap2
read_817_start46030701_len10000,46030701,46030702,1,60,0.05000000074505806,False,noncoding,minimap2
read_818_start15263201_len10000,15263201,15263205,4,60,0.0494999997317791,False,noncoding,minimap2
read_819_start24972215_len10000,24972215,24972217,2,60,0.05040000006556511,False,noncoding,minimap2
read_820_start25885938_len10000,25885938,25885939,1,60,0.0478999987244606,False,noncoding,minimap2
read_821_start48595969_len10000,48595969,48595970,1,60,0.053700000047683716,False,noncoding,minimap2
read_823_start48800331_len10000,48800331,48800332,1,60,0.04830000177025795,False,noncoding,minimap2
read_824_start17183951_len10000,17183951,17183952,1,60,0.04490000009536743,False,noncoding,minimap2
read_825_start34388831_len10000,34388831,34388834,3,60,0.049400001764297485,False,noncoding,minimap2
read_826_start25319645_len10000,25319645,25319646,1,60,0.04699999839067459,False,noncoding,minimap2
read_828_start35381145_len10000,35381145,35381151,6,60,0.04809999838471413,False,noncoding,minimap2
read_829_start30706024_len10000,30706024,30706025,1,60,0.05119999870657921,False,noncoding,minimap2
read_830_start47510653_len10000,47510653,47510654,1,60,0.0494999997317791,False,noncoding,minimap2
read_832_start29472076_len10000,29472076,29472077,1,60,0.047600001096725464,False,noncoding,minimap2
read_833_start42275806_len10000,42275806,42275807,1,60,0.0478999987244606,False,noncoding,minimap2
read_834_start33159826_len10000,33159826,33159827,1,60,0.047600001096725464,False,noncoding,minimap2
read_835_start23999425_len10000,23999425,23999426,1,60,0.0494999997317791,False,noncoding,minimap2
read_836_start45339586_len10000,45339586,45339587,1,60,0.04989999905228615,False,noncoding,minimap2
read_837_start24380382_len10000,24380382,24380385,3,60,0.05310000106692314,False,noncoding,minimap2
read_838_start37168230_len10000,37168230,37168231,1,60,0.052299998700618744,False,noncoding,minimap2
read_840_start30063437_len10000,30063437,30063438,1,60,0.05510000139474869,False,noncoding,minimap2
read_841_start23936445_len10000,23936445,23936446,1,60,0.052400000393390656,False,noncoding,minimap2
read_842_start31790426_len10000,31790426,31790429,3,60,0.048500001430511475,False,noncoding,minimap2
read_845_start40026991_len10000,40026991,40026992,1,60,0.04899999871850014,False,noncoding,minimap2
read_846_start31852730_len10000,31852730,31852731,1,60,0.05310000106692314,False,noncoding,minimap2
read_847_start43889999_len10000,43889999,43890000,1,60,0.04639999940991402,False,noncoding,minimap2
read_848_start14219896_len10000,14219896,14219897,1,60,0.04600000008940697,False,noncoding,minimap2
read_850_start41494169_len10000,41494169,41494171,2,60,0.04769999906420708,False,noncoding,minimap2
read_851_start50034324_len10000,50034324,50034325,1,60,0.0494999997317791,False,noncoding,minimap2
read_852_start46376200_len10000,46376200,46376204,4,60,0.04659999907016754,False,noncoding,minimap2
read_853_start36648159_len10000,36648159,36648160,1,60,0.05220000073313713,False,noncoding,minimap2
read_854_start16663125_len10000,16663125,16663126,1,60,0.04439999908208847,False,noncoding,minimap2
read_855_start20646426_len10000,20646426,20646429,3,60,0.044599998742341995,False,noncoding,minimap2
read_856_start19857388_len10000,19857388,19857391,3,60,0.052000001072883606,False,noncoding,minimap2
read_858_start23251093_len10000,23251093,23251094,1,60,0.04729999974370003,False,noncoding,minimap2
read_859_start24654557_len10000,24654557,24654558,1,60,0.05290000140666962,False,noncoding,minimap2
read_860_start45835329_len10000,45835329,45835330,1,60,0.05000000074505806,False,noncoding,minimap2
read_861_start21631756_len10000,21631756,21631757,1,60,0.05009999871253967,False,noncoding,minimap2
read_862_start44791726_len10000,44791726,44791727,1,60,0.05000000074505806,False,noncoding,minimap2
read_863_start40168260_len10000,40168260,40168261,1,60,0.05009999871253967,False,noncoding,minimap2
read_865_start50587986_len10000,50587986,50587987,1,60,0.048900000751018524,False,noncoding,minimap2
read_866_start29629936_len10000,29629936,29629937,1,60,0.05260000005364418,False,noncoding,minimap2
read_870_start28500184_len10000,28500184,28500185,1,60,0.05139999836683273,False,noncoding,minimap2
read_871_start36892338_len10000,36892338,36892339,1,60,0.05139999836683273,False,noncoding,minimap2
read_872_start24475075_len10000,24475075,24475076,1,60,0.052000001072883606,False,noncoding,minimap2
read_873_start27821426_len10000,27821426,27821427,1,60,0.04580000042915344,False,noncoding,minimap2
read_874_start42829101_len10000,42829101,42829102,1,60,0.05220000073313713,False,noncoding,minimap2
read_875_start40321065_len10000,40321065,40321066,1,60,0.050599999725818634,False,noncoding,minimap2
read_876_start44776750_len10000,44776750,44776751,1,60,0.04839999973773956,False,noncoding,minimap2
read_878_start22220198_len10000,22220198,22220199,1,60,0.05119999870657921,False,noncoding,minimap2
read_879_start16439514_len10000,16439514,16439515,1,60,0.05119999870657921,False,noncoding,minimap2
read_882_start28135769_len10000,28135769,28135771,2,60,0.04960000142455101,False,noncoding,minimap2
read_883_start49563486_len10000,49563486,49563487,1,60,0.04910000041127205,False,noncoding,minimap2
read_885_start31692272_len10000,31692272,31692273,1,60,0.051899999380111694,False,noncoding,minimap2
read_886_start41060289_len10000,41060289,41060290,1,60,0.0478999987244606,False,noncoding,minimap2
read_887_start43195793_len10000,43195793,43195794,1,60,0.050999999046325684,False,noncoding,minimap2
read_888_start16617128_len10000,16617128,16617129,1,60,0.04960000142455101,False,noncoding,minimap2
read_890_start32788198_len10000,32788198,32788199,1,60,0.053199999034404755,False,noncoding,minimap2
read_891_start31862916_len10000,31862916,31862917,1,60,0.051600001752376556,False,noncoding,minimap2
read_893_start18818040_len10000,18818040,18818041,1,60,0.04769999906420708,False,noncoding,minimap2
read_893_start18818040_len10000,18818040,21252486,2434446,0,0.052400000393390656,False,noncoding,minimap2
read_894_start45822215_len10000,45822215,45822216,1,60,0.05040000006556511,False,noncoding,minimap2
read_895_start29317886_len10000,29317886,29317887,1,60,0.05130000039935112,False,noncoding,minimap2
read_896_start12591274_len10000,12591274,12591275,1,60,0.050200000405311584,False,noncoding,minimap2
read_897_start16233211_len10000,16233211,16233212,1,60,0.0478999987244606,False,noncoding,minimap2
read_902_start12523655_len10000,12523655,12523656,1,54,0.050200000405311584,False,noncoding,minimap2
read_902_start12523655_len10000,12523655,12331118,192537,0,0.053300000727176666,False,noncoding,minimap2
read_903_start33502030_len10000,33502030,33502031,1,60,0.04839999973773956,False,noncoding,minimap2
read_904_start31307078_len10000,31307078,31307079,1,60,0.051500000059604645,False,noncoding,minimap2
read_905_start43728251_len10000,43728251,43728252,1,60,0.053700000047683716,False,noncoding,minimap2
read_907_start41129301_len10000,41129301,41129302,1,60,0.04919999837875366,False,noncoding,minimap2
read_908_start19538331_len10000,19538331,19538332,1,60,0.0471000000834465,False,noncoding,minimap2
read_910_start21456963_len10000,21456963,21456964,1,60,0.050999999046325684,False,noncoding,minimap2
read_910_start21456963_len10000,21456963,18518837,2938126,0,0.0560000017285347,False,noncoding,minimap2
read_913_start20077210_len10000,20077210,20077211,1,60,0.04769999906420708,False,noncoding,minimap2
read_915_start15706032_len10000,15706032,15706038,6,60,0.050599999725818634,False,noncoding,minimap2
read_917_start27635010_len10000,27635010,27635011,1,60,0.04989999905228615,False,noncoding,minimap2
read_919_start47660453_len10000,47660453,47660454,1,60,0.04989999905228615,False,noncoding,minimap2
read_920_start36045946_len10000,36045946,36045947,1,60,0.052299998700618744,False,noncoding,minimap2
read_921_start47846545_len10000,47846545,47846548,3,60,0.05169999971985817,False,noncoding,minimap2
read_922_start14408467_len10000,14408467,14408468,1,60,0.05180000141263008,False,noncoding,minimap2
read_923_start48983164_len10000,48983164,48983166,2,60,0.05299999937415123,False,noncoding,minimap2
read_925_start41621196_len10000,41621196,41621197,1,60,0.04839999973773956,False,noncoding,minimap2
read_927_start36753088_len10000,36753088,36753089,1,60,0.052299998700618744,False,noncoding,minimap2
read_928_start23201146_len10000,23201146,23201148,2,60,0.052299998700618744,False,noncoding,minimap2
read_929_start48742649_len10000,48742649,48742650,1,60,0.05119999870657921,False,noncoding,minimap2
read_930_start31330240_len10000,31330240,31330241,1,60,0.051899999380111694,False,noncoding,minimap2
read_932_start42204379_len10000,42204379,42204380,1,60,0.054499998688697815,False,noncoding,minimap2
read_933_start45851009_len10000,45851009,45851010,1,60,0.05040000006556511,False,noncoding,minimap2
read_934_start38539308_len10000,38539308,38539309,1,60,0.050599999725818634,False,noncoding,minimap2
read_935_start18708684_len10000,18708684,18709568,884,23,0.04899999871850014,False,noncoding,minimap2
read_935_start18708684_len10000,18708684,18401171,307513,0,0.050200000405311584,False,noncoding,minimap2
read_935_start18708684_len10000,18708684,18214314,494370,0,0.050200000405311584,False,noncoding,minimap2
read_935_start18708684_len10000,18708684,21335354,2626670,0,0.05260000005364418,False,noncoding,minimap2
read_935_start18708684_len10000,18708684,18650787,57897,0,0.0551999993622303,False,noncoding,minimap2
read_937_start10614189_len10000,10614189,10614190,1,60,0.049400001764297485,False,noncoding,minimap2
read_939_start36787796_len10000,36787796,36787797,1,60,0.04899999871850014,False,noncoding,minimap2
read_940_start38029550_len10000,38029550,38029554,4,60,0.050700001418590546,False,noncoding,minimap2
read_941_start45612466_len10000,45612466,45612467,1,60,0.04879999905824661,False,noncoding,minimap2
read_942_start37064499_len10000,37064499,37064500,1,60,0.05380000174045563,False,noncoding,minimap2
read_943_start32101130_len10000,32101130,32101131,1,60,0.048700001090765,False,noncoding,minimap2
read_944_start20500848_len10000,20500848,20500849,1,60,0.05119999870657921,False,noncoding,minimap2
read_945_start34499043_len10000,34499043,34499044,1,60,0.049300000071525574,False,noncoding,minimap2
read_946_start19924793_len10000,19924793,19924794,1,60,0.0502999983727932,False,noncoding,minimap2
read_948_start41798686_len10000,41798686,41798689,3,60,0.04919999837875366,False,noncoding,minimap2
read_949_start43289947_len10000,43289947,43289948,1,60,0.04879999905824661,False,noncoding,minimap2
read_950_start30709394_len10000,30709394,30709395,1,60,0.047600001096725464,False,noncoding,minimap2
read_951_start31037438_len10000,31037438,31037439,1,60,0.05130000039935112,False,noncoding,minimap2
read_952_start36339484_len10000,36339484,36339486,2,60,0.04899999871850014,False,noncoding,minimap2
read_953_start41788565_len10000,41788565,41788566,1,60,0.050999999046325684,False,noncoding,minimap2
read_954_start19850784_len10000,19850784,19850785,1,60,0.048900000751018524,False,noncoding,minimap2
read_955_start35442409_len10000,35442409,35442410,1,60,0.05339999869465828,False,noncoding,minimap2
read_956_start25216466_len10000,25216466,25216467,1,60,0.05040000006556511,False,noncoding,minimap2
read_957_start33385647_len10000,33385647,33385648,1,60,0.05260000005364418,False,noncoding,minimap2
read_958_start16451834_len10000,16451834,16451835,1,60,0.05260000005364418,False,noncoding,minimap2
read_960_start17332993_len10000,17332993,17332994,1,60,0.047600001096725464,False,noncoding,minimap2
read_962_start30653344_len10000,30653344,30653345,1,60,0.04859999939799309,False,noncoding,minimap2
read_963_start45494791_len10000,45494791,45494792,1,60,0.05130000039935112,False,noncoding,minimap2
read_964_start22137796_len10000,22137796,22137797,1,60,0.04969999939203262,False,noncoding,minimap2
read_965_start42899239_len10000,42899239,42899240,1,60,0.054499998688697815,False,noncoding,minimap2
read_966_start23758864_len10000,23758864,23758865,1,60,0.05040000006556511,False,noncoding,minimap2
read_967_start41449870_len10000,41449870,41449871,1,60,0.048700001090765,False,noncoding,minimap2
read_968_start31293786_len10000,31293786,31293787,1,60,0.04859999939799309,False,noncoding,minimap2
read_970_start50799161_len10000,50799161,50799162,1,60,0.048900000751018524,False,noncoding,minimap2
read_971_start46801932_len10000,46801932,46801934,2,60,0.05079999938607216,False,noncoding,minimap2
read_972_start29651404_len10000,29651404,29651405,1,60,0.0494999997317791,False,noncoding,minimap2
read_973_start36049051_len10000,36049051,36049052,1,60,0.05050000175833702,False,noncoding,minimap2
read_974_start39379549_len10000,39379549,39379550,1,60,0.05000000074505806,False,noncoding,minimap2
read_975_start31587792_len10000,31587792,31587793,1,60,0.05220000073313713,False,noncoding,minimap2
read_976_start16222354_len10000,16222354,16222355,1,60,0.054499998688697815,False,noncoding,minimap2
read_979_start48727338_len10000,48727338,48727339,1,60,0.048900000751018524,False,noncoding,minimap2
read_980_start39346483_len10000,39346483,39346484,1,60,0.04580000042915344,False,noncoding,minimap2
read_981_start24609647_len10000,24609647,24609648,1,60,0.04569999873638153,False,noncoding,minimap2
read_984_start18643253_len10000,18643253,18643254,1,60,0.04809999838471413,False,noncoding,minimap2
read_984_start18643253_len10000,18643253,18393640,249613,0,0.051500000059604645,False,noncoding,minimap2
read_984_start18643253_len10000,18643253,18220926,422327,0,0.05180000141263008,False,noncoding,minimap2
read_984_start18643253_len10000,18643253,21341960,2698707,0,0.051899999380111694,False,noncoding,minimap2
read_985_start30824369_len10000,30824369,30824370,1,60,0.04859999939799309,False,noncoding,minimap2
read_986_start13361118_len10000,13361118,13361122,4,60,0.05469999834895134,False,noncoding,minimap2
read_987_start22421762_len10000,22421762,22421763,1,60,0.049800001084804535,False,noncoding,minimap2
read_988_start13101905_len10000,13101905,13101906,1,60,0.06270000338554382,False,noncoding,minimap2
read_989_start24503515_len10000,24503515,24503518,3,60,0.050999999046325684,False,noncoding,minimap2
read_990_start48659674_len10000,48659674,48659675,1,60,0.04839999973773956,False,noncoding,minimap2
read_991_start10726109_len10000,10726109,10726110,1,60,0.050599999725818634,False,noncoding,minimap2
read_992_start29271825_len10000,29271825,29271826,1,60,0.050700001418590546,False,noncoding,minimap2
read_993_start26604197_len10000,26604197,26604198,1,60,0.051500000059604645,False,noncoding,minimap2
read_994_start28867206_len10000,28867206,28867207,1,60,0.05079999938607216,False,noncoding,minimap2
read_995_start31893213_len10000,31893213,31893214,1,60,0.04910000041127205,False,noncoding,minimap2
read_996_start35157212_len10000,35157212,35157213,1,60,0.05050000175833702,False,noncoding,minimap2
read_998_start13839324_len10000,13839324,13839325,1,60,0.045899998396635056,False,noncoding,minimap2
read_1000_start29466934_len10000,29466934,29466935,1,60,0.05139999836683273,False,noncoding,minimap2
read_1001_start28665162_len10000,28665162,28665163,1,60,0.04919999837875366,False,noncoding,minimap2
read_1002_start23271705_len10000,23271705,23271706,1,60,0.051500000059604645,False,noncoding,minimap2
read_1003_start27902979_len10000,27902979,27902980,1,60,0.05400000140070915,False,noncoding,minimap2
read_1005_start35401641_len10000,35401641,35401642,1,60,0.0471000000834465,False,noncoding,minimap2
read_1007_start16077680_len10000,16077680,16077681,1,60,0.04839999973773956,False,noncoding,minimap2
read_1008_start29932474_len10000,29932474,29932475,1,60,0.05220000073313713,False,noncoding,minimap2
read_1009_start24813603_len10000,24813603,24813604,1,60,0.047600001096725464,False,noncoding,minimap2
read_1011_start20595331_len10000,20595331,20595333,2,60,0.0478999987244606,False,noncoding,minimap2
read_1012_start49892381_len10000,49892381,49892382,1,60,0.04800000041723251,False,noncoding,minimap2
read_1013_start45146088_len10000,45146088,45146089,1,60,0.05209999904036522,False,noncoding,minimap2
read_1014_start41768740_len10000,41768740,41768741,1,60,0.04899999871850014,False,noncoding,minimap2
read_1018_start32822202_len10000,32822202,32822203,1,60,0.04960000142455101,False,noncoding,minimap2
read_1019_start31802601_len10000,31802601,31802602,1,60,0.055799998342990875,False,noncoding,minimap2
read_1020_start33467926_len10000,33467926,33467930,4,60,0.04820000007748604,False,noncoding,minimap2
read_1021_start37169874_len10000,37169874,37169875,1,60,0.049800001084804535,False,noncoding,minimap2
read_1022_start40062134_len10000,40062134,40062135,1,60,0.05130000039935112,False,noncoding,minimap2
read_1023_start14391205_len10000,14391205,14391211,6,60,0.052799999713897705,False,noncoding,minimap2
read_1024_start12324362_len10000,12324362,12324363,1,60,0.04800000041723251,False,noncoding,minimap2
read_1024_start12324362_len10000,12324362,12530411,206049,0,0.051899999380111694,False,noncoding,minimap2
read_1027_start50496962_len10000,50496962,50496963,1,60,0.051500000059604645,False,noncoding,minimap2
read_1028_start27795213_len10000,27795213,27795214,1,60,0.053300000727176666,False,noncoding,minimap2
read_1029_start15766420_len10000,15766420,15766422,2,60,0.04729999974370003,False,noncoding,minimap2
read_1030_start35660160_len10000,35660160,35660161,1,60,0.050700001418590546,False,noncoding,minimap2
read_1031_start20996252_len10000,20996252,20996255,3,60,0.04800000041723251,False,noncoding,minimap2
read_1032_start42715154_len10000,42715154,42715155,1,60,0.0471000000834465,False,noncoding,minimap2
read_1033_start36747750_len10000,36747750,36747753,3,60,0.050999999046325684,False,noncoding,minimap2
read_1037_start30059754_len10000,30059754,30059755,1,60,0.050999999046325684,False,noncoding,minimap2
read_1038_start33061286_len10000,33061286,33061288,2,60,0.04780000075697899,False,noncoding,minimap2
read_1040_start44181084_len10000,44181084,44181085,1,60,0.05000000074505806,False,noncoding,minimap2
read_1041_start39206579_len10000,39206579,39206580,1,60,0.05290000140666962,False,noncoding,minimap2
read_1042_start45654417_len10000,45654417,45654418,1,60,0.05249999836087227,False,noncoding,minimap2
read_1043_start27123643_len10000,27123643,27123644,1,60,0.050599999725818634,False,noncoding,minimap2
read_1044_start31037983_len10000,31037983,31037984,1,60,0.04910000041127205,False,noncoding,minimap2
read_1045_start18085722_len10000,18085722,18085723,1,60,0.052000001072883606,False,noncoding,minimap2
read_1046_start31480855_len10000,31480855,31480857,2,60,0.050700001418590546,False,noncoding,minimap2
read_1050_start30641376_len10000,30641376,30641377,1,60,0.0471000000834465,False,noncoding,minimap2
read_1052_start34065064_len10000,34065064,34065065,1,60,0.04690000042319298,False,noncoding,minimap2
read_1056_start39284128_len10000,39284128,39284132,4,60,0.04960000142455101,False,noncoding,minimap2
read_1058_start37174359_len10000,37174359,37174360,1,60,0.05249999836087227,False,noncoding,minimap2
read_1059_start35546474_len10000,35546474,35546475,1,60,0.04670000076293945,False,noncoding,minimap2
read_1060_start19783610_len10000,19783610,19783611,1,60,0.04769999906420708,False,noncoding,minimap2
read_1061_start46776948_len10000,46776948,46776949,1,60,0.049300000071525574,False,noncoding,minimap2
read_1063_start40173689_len10000,40173689,40173690,1,60,0.046300001442432404,False,noncoding,minimap2
read_1064_start37282590_len10000,37282590,37282592,2,60,0.04529999941587448,False,noncoding,minimap2
read_1065_start28725639_len10000,28725639,28725640,1,60,0.0471000000834465,False,noncoding,minimap2
read_1066_start38693026_len10000,38693026,38693027,1,60,0.04989999905228615,False,noncoding,minimap2
read_1067_start20297755_len10000,20297755,20297756,1,60,0.053700000047683716,False,noncoding,minimap2
read_1068_start19744153_len10000,19744153,19744154,1,60,0.05220000073313713,False,noncoding,minimap2
read_1069_start11120164_len10000,11120164,11120165,1,9,0.044199999421834946,False,noncoding,minimap2
read_1069_start11120164_len10000,11120164,16482344,5362180,0,0.044599998742341995,False,noncoding,minimap2
read_1071_start20251280_len10000,20251280,20251281,1,60,0.04879999905824661,False,noncoding,minimap2
read_1072_start44810428_len10000,44810428,44810435,7,60,0.048700001090765,False,noncoding,minimap2
read_1073_start28622501_len10000,28622501,28622502,1,60,0.05009999871253967,False,noncoding,minimap2
read_1074_start48122448_len10000,48122448,48122449,1,60,0.04960000142455101,False,noncoding,minimap2
read_1075_start17485057_len10000,17485057,17485058,1,60,0.04969999939203262,False,noncoding,minimap2
read_1076_start40269758_len10000,40269758,40269759,1,60,0.049800001084804535,False,noncoding,minimap2
read_1077_start21955291_len10000,21955291,21955292,1,60,0.050599999725818634,False,noncoding,minimap2
read_1078_start49114630_len10000,49114630,49114631,1,60,0.05270000174641609,False,noncoding,minimap2
read_1079_start17640990_len10000,17640990,17640992,2,60,0.049300000071525574,False,noncoding,minimap2
read_1081_start17018518_len10000,17018518,17018519,1,60,0.04740000143647194,False,noncoding,minimap2
read_1082_start49129766_len10000,49129766,49129767,1,60,0.05009999871253967,False,noncoding,minimap2
read_1083_start37439833_len10000,37439833,37439834,1,60,0.049800001084804535,False,noncoding,minimap2
read_1084_start44350225_len10000,44350225,44350226,1,60,0.04839999973773956,False,noncoding,minimap2
read_1085_start40036801_len10000,40036801,40036802,1,60,0.05050000175833702,False,noncoding,minimap2
read_1086_start33867675_len10000,33867675,33867676,1,60,0.0494999997317791,False,noncoding,minimap2
read_1087_start22800907_len10000,22800907,22800908,1,60,0.04960000142455101,False,noncoding,minimap2
read_1088_start23110399_len10000,23110399,23110400,1,60,0.04899999871850014,False,noncoding,minimap2
read_1089_start35549244_len10000,35549244,35549245,1,60,0.052299998700618744,False,noncoding,minimap2
read_1090_start48308427_len10000,48308427,48308428,1,60,0.05429999902844429,False,noncoding,minimap2
read_1091_start41494682_len10000,41494682,41494683,1,60,0.049300000071525574,False,noncoding,minimap2
read_1093_start10630132_len10000,10630132,10630133,1,60,0.05079999938607216,False,noncoding,minimap2
read_1094_start32484258_len10000,32484258,32484259,1,60,0.04910000041127205,False,noncoding,minimap2
read_1095_start14838642_len10000,14838642,14838643,1,60,0.05209999904036522,False,noncoding,minimap2
read_1097_start29516663_len10000,29516663,29516664,1,60,0.04879999905824661,False,noncoding,minimap2
read_1099_start22228920_len10000,22228920,22228921,1,60,0.05570000037550926,False,noncoding,minimap2
read_1100_start21852985_len10000,21852985,21852986,1,60,0.049400001764297485,False,noncoding,minimap2
read_1101_start12412218_len10000,12412218,12412219,1,60,0.04910000041127205,False,noncoding,minimap2
read_1102_start50728853_len10000,50728853,50728858,5,60,0.04969999939203262,False,noncoding,minimap2
read_1103_start24988234_len10000,24988234,24988235,1,60,0.05270000174641609,False,noncoding,minimap2
read_1104_start44845942_len10000,44845942,44845943,1,60,0.052000001072883606,False,noncoding,minimap2
read_1106_start36023930_len10000,36023930,36023931,1,60,0.051600001752376556,False,noncoding,minimap2
read_1107_start41434785_len10000,41434785,41434786,1,60,0.054499998688697815,False,noncoding,minimap2
read_1110_start19143147_len10000,19143147,19143148,1,60,0.04820000007748604,False,noncoding,minimap2
read_1111_start22174781_len10000,22174781,22174782,1,60,0.04809999838471413,False,noncoding,minimap2
read_1113_start16545899_len10000,16545899,16545900,1,60,0.052299998700618744,False,noncoding,minimap2
read_1116_start38076594_len10000,38076594,38076595,1,60,0.04820000007748604,False,noncoding,minimap2
read_1117_start40372026_len10000,40372026,40372027,1,60,0.04899999871850014,False,noncoding,minimap2
read_1119_start43769321_len10000,43769321,43769322,1,60,0.05040000006556511,False,noncoding,minimap2
read_1120_start22063469_len10000,22063469,22063476,7,60,0.04910000041127205,False,noncoding,minimap2
read_1121_start43090233_len10000,43090233,43090234,1,60,0.05260000005364418,False,noncoding,minimap2
read_1123_start13040957_len10000,13040957,13040958,1,60,0.04749999940395355,False,noncoding,minimap2
read_1124_start41064629_len10000,41064629,41064633,4,60,0.04410000145435333,False,noncoding,minimap2
read_1126_start34120557_len10000,34120557,34120558,1,60,0.05119999870657921,False,noncoding,minimap2
read_1127_start33667507_len10000,33667507,33667510,3,60,0.051100000739097595,False,noncoding,minimap2
read_1128_start31716247_len10000,31716247,31716248,1,60,0.05249999836087227,False,noncoding,minimap2
read_1129_start44678493_len10000,44678493,44678494,1,60,0.05130000039935112,False,noncoding,minimap2
read_1133_start32566186_len10000,32566186,32566187,1,60,0.04780000075697899,False,noncoding,minimap2
read_1134_start19735820_len10000,19735820,19735821,1,60,0.04690000042319298,False,noncoding,minimap2
read_1135_start16798623_len10000,16798623,16798624,1,60,0.053700000047683716,False,noncoding,minimap2
read_1136_start29448157_len10000,29448157,29448158,1,60,0.049400001764297485,False,noncoding,minimap2
read_1137_start19017934_len10000,19017934,19017938,4,60,0.047200001776218414,False,noncoding,minimap2
read_1138_start28925258_len10000,28925258,28925259,1,60,0.048500001430511475,False,noncoding,minimap2
read_1139_start47151248_len10000,47151248,47151249,1,60,0.04919999837875366,False,noncoding,minimap2
read_1142_start42412298_len10000,42412298,42412299,1,60,0.047600001096725464,False,noncoding,minimap2
read_1143_start17668075_len10000,17668075,17668076,1,60,0.04800000041723251,False,noncoding,minimap2
read_1144_start45999007_len10000,45999007,45999008,1,60,0.05350000038743019,False,noncoding,minimap2
read_1145_start47629464_len10000,47629464,47629465,1,60,0.050700001418590546,False,noncoding,minimap2
read_1146_start17070192_len10000,17070192,17070193,1,60,0.048900000751018524,False,noncoding,minimap2
read_1147_start17950292_len10000,17950292,17950293,1,60,0.049400001764297485,False,noncoding,minimap2
read_1153_start30153464_len10000,30153464,30153465,1,60,0.053599998354911804,False,noncoding,minimap2
read_1154_start40178993_len10000,40178993,40178994,1,60,0.04859999939799309,False,noncoding,minimap2
read_1155_start21866759_len10000,21866759,21866760,1,60,0.055399999022483826,False,noncoding,minimap2
read_1156_start20641125_len10000,20641125,20641126,1,60,0.0471000000834465,False,noncoding,minimap2
read_1157_start30146856_len10000,30146856,30146857,1,60,0.04769999906420708,False,noncoding,minimap2
read_1160_start39599877_len10000,39599877,39599878,1,60,0.04390000179409981,False,noncoding,minimap2
read_1162_start20024048_len10000,20024048,20024049,1,60,0.05139999836683273,False,noncoding,minimap2
read_1163_start44677585_len10000,44677585,44677586,1,60,0.05290000140666962,False,noncoding,minimap2
read_1164_start35934089_len10000,35934089,35934090,1,60,0.051600001752376556,False,noncoding,minimap2
read_1166_start21387571_len10000,21387571,21387578,7,51,0.04899999871850014,False,noncoding,minimap2
read_1166_start21387571_len10000,21387571,21537298,149727,0,0.051899999380111694,False,noncoding,minimap2
read_1166_start21387571_len10000,21387571,18597774,2789797,0,0.053199999034404755,False,noncoding,minimap2
read_1167_start50165092_len10000,50165092,50165093,1,60,0.05000000074505806,False,noncoding,minimap2
read_1168_start18912354_len10000,18912354,18912355,1,60,0.04879999905824661,False,noncoding,minimap2
read_1169_start48444868_len10000,48444868,48444869,1,60,0.05040000006556511,False,noncoding,minimap2
read_1170_start42202672_len10000,42202672,42202673,1,60,0.05180000141263008,False,noncoding,minimap2
read_1171_start34174904_len10000,34174904,34174905,1,60,0.04839999973773956,False,noncoding,minimap2
read_1174_start18607272_len10000,18607272,18607273,1,60,0.050200000405311584,False,noncoding,minimap2
read_1174_start18607272_len10000,18607272,21378015,2770743,0,0.05480000004172325,False,noncoding,minimap2
read_1174_start18607272_len10000,18607272,21546815,2939543,0,0.06199999898672104,False,noncoding,minimap2
read_1175_start19071648_len10000,19071648,19071649,1,60,0.04740000143647194,False,noncoding,minimap2
read_1176_start35547445_len10000,35547445,35547446,1,60,0.05139999836683273,False,noncoding,minimap2
read_1177_start39352237_len10000,39352237,39352239,2,60,0.048500001430511475,False,noncoding,minimap2
read_1178_start14050300_len10000,14050300,14050304,4,60,0.04769999906420708,False,noncoding,minimap2
read_1179_start46016331_len10000,46016331,46016332,1,60,0.052400000393390656,False,noncoding,minimap2
read_1180_start31856795_len10000,31856795,31856796,1,60,0.05079999938607216,False,noncoding,minimap2
read_1181_start23517775_len10000,23517775,23517776,1,60,0.053300000727176666,False,noncoding,minimap2
read_1182_start21199427_len10000,21199427,21199428,1,60,0.05119999870657921,False,noncoding,minimap2
read_1182_start21199427_len10000,21199427,18765176,2434251,0,0.05689999833703041,False,noncoding,minimap2
read_1182_start21199427_len10000,21199427,18507866,2691561,0,0.05689999833703041,False,noncoding,minimap2
read_1182_start21199427_len10000,21199427,18344611,2854816,0,0.05739999935030937,False,noncoding,minimap2
read_1184_start43671451_len10000,43671451,43671452,1,60,0.04820000007748604,False,noncoding,minimap2
read_1185_start39762896_len10000,39762896,39762897,1,60,0.05169999971985817,False,noncoding,minimap2
read_1186_start39884855_len10000,39884855,39884856,1,60,0.04830000177025795,False,noncoding,minimap2
read_1189_start32341363_len10000,32341363,32341364,1,60,0.053700000047683716,False,noncoding,minimap2
read_1190_start44303240_len10000,44303240,44303241,1,60,0.05130000039935112,False,noncoding,minimap2
read_1191_start41927410_len10000,41927410,41927411,1,60,0.051500000059604645,False,noncoding,minimap2
read_1192_start25176993_len10000,25176993,25176994,1,60,0.04919999837875366,False,noncoding,minimap2
read_1193_start33140135_len10000,33140135,33140136,1,60,0.04699999839067459,False,noncoding,minimap2
read_1194_start29916491_len10000,29916491,29916492,1,60,0.04919999837875366,False,noncoding,minimap2
read_1195_start24375535_len10000,24375535,24375536,1,60,0.050999999046325684,False,noncoding,minimap2
read_1196_start37411262_len10000,37411262,37411263,1,60,0.053599998354911804,False,noncoding,minimap2
read_1198_start39713750_len10000,39713750,39713751,1,60,0.04960000142455101,False,noncoding,minimap2
read_1199_start33715896_len10000,33715896,33715897,1,60,0.053199999034404755,False,noncoding,minimap2
read_1200_start44531843_len10000,44531843,44531844,1,60,0.0478999987244606,False,noncoding,minimap2
read_1202_start30004218_len10000,30004218,30004219,1,60,0.049800001084804535,True,coding,minimap2
read_1204_start25168196_len10000,25168196,25168197,1,60,0.054099999368190765,False,noncoding,minimap2
read_1205_start26184486_len10000,26184486,26184487,1,60,0.045099999755620956,False,noncoding,minimap2
read_1206_start20796084_len10000,20796084,20796085,1,60,0.048700001090765,False,noncoding,minimap2
read_1207_start46165719_len10000,46165719,46165720,1,60,0.0478999987244606,False,noncoding,minimap2
read_1208_start50414749_len10000,50414749,50414750,1,60,0.04670000076293945,False,noncoding,minimap2
read_1209_start44384067_len10000,44384067,44384068,1,60,0.052400000393390656,False,noncoding,minimap2
read_1210_start21907398_len10000,21907398,21907399,1,60,0.048900000751018524,False,noncoding,minimap2
read_1211_start22880047_len10000,22880047,22880048,1,60,0.051600001752376556,False,noncoding,minimap2
read_1212_start25240987_len10000,25240987,25240988,1,60,0.05180000141263008,False,noncoding,minimap2
read_1213_start33951675_len10000,33951675,33951676,1,60,0.04919999837875366,False,noncoding,minimap2
read_1215_start18376832_len10000,18376832,18376834,2,60,0.04809999838471413,False,noncoding,minimap2
read_1215_start18376832_len10000,18376832,21167540,2790708,0,0.05590000003576279,False,noncoding,minimap2
read_1215_start18376832_len10000,18376832,21315649,2938817,0,0.056299999356269836,False,noncoding,minimap2
read_1215_start18376832_len10000,18376832,20338560,1961728,0,0.057999998331069946,False,noncoding,minimap2
read_1215_start18376832_len10000,18376832,18421893,45061,0,0.05909999832510948,False,noncoding,minimap2
read_1215_start18376832_len10000,18376832,18192532,184300,0,0.05909999832510948,False,noncoding,minimap2
read_1216_start47571578_len10000,47571578,47571580,2,60,0.052400000393390656,False,noncoding,minimap2
read_1217_start21442598_len10000,21442598,21442599,1,60,0.04839999973773956,False,noncoding,minimap2
read_1218_start30432780_len10000,30432780,30432783,3,60,0.05119999870657921,False,noncoding,minimap2
read_1219_start49149458_len10000,49149458,49149459,1,60,0.052000001072883606,False,noncoding,minimap2
read_1220_start38043966_len10000,38043966,38043967,1,60,0.050599999725818634,False,noncoding,minimap2
read_1221_start44092142_len10000,44092142,44092143,1,60,0.051500000059604645,False,noncoding,minimap2
read_1223_start31719613_len10000,31719613,31719614,1,60,0.05090000107884407,False,noncoding,minimap2
read_1224_start13068700_len10000,13068700,13068701,1,60,0.05050000175833702,False,noncoding,minimap2
read_1225_start39963154_len10000,39963154,39963155,1,60,0.05130000039935112,False,noncoding,minimap2
read_1226_start38371610_len10000,38371610,38371612,2,60,0.052000001072883606,False,noncoding,minimap2
read_1228_start13367878_len10000,13367878,13367882,4,60,0.04919999837875366,False,noncoding,minimap2
read_1229_start37690720_len10000,37690720,37690721,1,60,0.04729999974370003,False,noncoding,minimap2
read_1231_start22459906_len10000,22459906,22459907,1,60,0.0494999997317791,False,noncoding,minimap2
read_1233_start21034614_len10000,21034614,21034615,1,60,0.050200000405311584,False,noncoding,minimap2
read_1234_start22807735_len10000,22807735,22807736,1,60,0.05079999938607216,False,noncoding,minimap2
read_1235_start16628254_len10000,16628254,16628255,1,60,0.05040000006556511,False,noncoding,minimap2
read_1236_start20224203_len10000,20224203,20224204,1,60,0.051100000739097595,False,noncoding,minimap2
read_1238_start33935617_len10000,33935617,33935618,1,60,0.049800001084804535,False,noncoding,minimap2
read_1239_start14411327_len10000,14411327,14411328,1,60,0.07639999687671661,False,noncoding,minimap2
read_1240_start24270654_len10000,24270654,24270655,1,60,0.052000001072883606,False,noncoding,minimap2
read_1241_start34101023_len10000,34101023,34101024,1,60,0.050200000405311584,False,noncoding,minimap2
read_1243_start34639142_len10000,34639142,34639143,1,60,0.05130000039935112,False,noncoding,minimap2
read_1244_start42670355_len10000,42670355,42670356,1,60,0.0471000000834465,False,noncoding,minimap2
read_1246_start25950377_len10000,25950377,25950381,4,60,0.04800000041723251,False,noncoding,minimap2
read_1247_start11147082_len10000,11147082,11147083,1,9,0.053300000727176666,False,noncoding,minimap2
read_1247_start11147082_len10000,11147082,16508896,5361814,0,0.053700000047683716,False,noncoding,minimap2
read_1248_start41729689_len10000,41729689,41729693,4,60,0.047600001096725464,False,noncoding,minimap2
read_1249_start20566174_len10000,20566174,20566175,1,60,0.04879999905824661,False,noncoding,minimap2
read_1250_start45983369_len10000,45983369,45983370,1,60,0.05139999836683273,False,noncoding,minimap2
read_1252_start33742721_len10000,33742721,33742722,1,60,0.05270000174641609,False,noncoding,minimap2
read_1253_start25305805_len10000,25305805,25305806,1,60,0.04960000142455101,False,noncoding,minimap2
read_1254_start46570610_len10000,46570610,46570619,9,60,0.0494999997317791,False,noncoding,minimap2
read_1255_start36171116_len10000,36171116,36171117,1,60,0.05220000073313713,False,noncoding,minimap2
read_1256_start20935728_len10000,20935728,20935729,1,60,0.051600001752376556,False,noncoding,minimap2
read_1257_start33243291_len10000,33243291,33243292,1,60,0.045899998396635056,False,noncoding,minimap2
read_1259_start29472053_len10000,29472053,29472054,1,60,0.052299998700618744,False,noncoding,minimap2
read_1260_start11021845_len10000,11021845,11021846,1,60,0.04780000075697899,False,noncoding,minimap2
read_1262_start50129528_len10000,50129528,50129529,1,60,0.048700001090765,False,noncoding,minimap2
read_1263_start33938054_len10000,33938054,33938056,2,60,0.05169999971985817,False,noncoding,minimap2
read_1265_start43842376_len10000,43842376,43842377,1,60,0.04879999905824661,False,noncoding,minimap2
read_1269_start35388699_len10000,35388699,35388700,1,60,0.050200000405311584,False,noncoding,minimap2
read_1270_start44580319_len10000,44580319,44580326,7,60,0.04520000144839287,False,noncoding,minimap2
read_1271_start39022540_len10000,39022540,39022541,1,60,0.053599998354911804,False,noncoding,minimap2
read_1272_start37504353_len10000,37504353,37504354,1,60,0.048900000751018524,False,noncoding,minimap2
read_1274_start44737529_len10000,44737529,44737530,1,60,0.04969999939203262,False,noncoding,minimap2
read_1276_start34442142_len10000,34442142,34442143,1,60,0.048900000751018524,False,noncoding,minimap2
read_1277_start15239526_len10000,15239526,15239527,1,60,0.048900000751018524,False,noncoding,minimap2
read_1278_start12428159_len10000,12428159,12428160,1,60,0.0494999997317791,False,noncoding,minimap2
read_1279_start22459052_len10000,22459052,22459053,1,60,0.04529999941587448,False,noncoding,minimap2
read_1280_start37086380_len10000,37086380,37086383,3,60,0.052299998700618744,False,noncoding,minimap2
read_1282_start49576285_len10000,49576285,49576286,1,60,0.04769999906420708,False,noncoding,minimap2
read_1283_start34887941_len10000,34887941,34887942,1,60,0.050700001418590546,False,noncoding,minimap2
read_1284_start20789058_len10000,20789058,20789059,1,60,0.052299998700618744,False,noncoding,minimap2
read_1285_start38679396_len10000,38679396,38679397,1,60,0.049300000071525574,False,noncoding,minimap2
read_1286_start30804355_len10000,30804355,30804356,1,60,0.04960000142455101,False,noncoding,minimap2
read_1287_start41916091_len10000,41916091,41916092,1,60,0.04859999939799309,False,noncoding,minimap2
read_1288_start39482281_len10000,39482281,39482282,1,60,0.051899999380111694,False,noncoding,minimap2
read_1289_start19775825_len10000,19775825,19775826,1,60,0.04839999973773956,False,noncoding,minimap2
read_1290_start33114596_len10000,33114596,33114597,1,60,0.04470000043511391,False,noncoding,minimap2
read_1291_start48689661_len10000,48689661,48689662,1,60,0.050200000405311584,False,noncoding,minimap2
read_1292_start18527692_len10000,18527692,18527693,1,60,0.05180000141263008,False,noncoding,minimap2
read_1292_start18527692_len10000,18527692,21467031,2939339,0,0.056299999356269836,False,noncoding,minimap2
read_1292_start18527692_len10000,18527692,20701722,2174030,0,0.06930000334978104,False,noncoding,minimap2
read_1294_start13102154_len10000,13102154,13102155,1,60,0.058400001376867294,False,noncoding,minimap2
read_1296_start21248934_len10000,21248934,21248935,1,60,0.048900000751018524,False,noncoding,minimap2
read_1296_start21248934_len10000,21248934,18814491,2434443,0,0.053700000047683716,False,noncoding,minimap2
read_1297_start15936995_len10000,15936995,15937001,6,60,0.050200000405311584,False,noncoding,minimap2
read_1299_start44914235_len10000,44914235,44914236,1,60,0.05420000106096268,False,noncoding,minimap2
read_1300_start38665769_len10000,38665769,38665770,1,60,0.04690000042319298,False,noncoding,minimap2
read_1301_start32122135_len10000,32122135,32122136,1,60,0.05249999836087227,False,noncoding,minimap2
read_1304_start34386820_len10000,34386820,34386821,1,60,0.04749999940395355,False,noncoding,minimap2
read_1305_start29503546_len10000,29503546,29503547,1,60,0.05389999970793724,False,noncoding,minimap2
read_1306_start45315565_len10000,45315565,45315566,1,60,0.0421999990940094,False,noncoding,minimap2
read_1307_start12271861_len10000,12271861,12275589,3728,43,0.04820000007748604,False,noncoding,minimap2
read_1307_start12271861_len10000,12271861,12582919,311058,0,0.05290000140666962,False,noncoding,minimap2
read_1310_start30640578_len10000,30640578,30640579,1,60,0.049400001764297485,False,noncoding,minimap2
read_1311_start47171579_len10000,47171579,47171580,1,60,0.05169999971985817,False,noncoding,minimap2
read_1312_start28427392_len10000,28427392,28427395,3,60,0.05139999836683273,False,noncoding,minimap2
read_1315_start45731073_len10000,45731073,45731074,1,60,0.05249999836087227,False,noncoding,minimap2
read_1316_start26062750_len10000,26062750,26062751,1,60,0.050599999725818634,False,noncoding,minimap2
read_1317_start29091034_len10000,29091034,29091035,1,60,0.049300000071525574,False,noncoding,minimap2
read_1318_start37624455_len10000,37624455,37624456,1,60,0.0494999997317791,False,noncoding,minimap2
read_1319_start16996631_len10000,16996631,16996632,1,60,0.04899999871850014,False,noncoding,minimap2
read_1320_start27257048_len10000,27257048,27257049,1,60,0.04749999940395355,False,noncoding,minimap2
read_1321_start29657763_len10000,29657763,29657764,1,60,0.049300000071525574,False,noncoding,minimap2
read_1323_start22266755_len10000,22266755,22266756,1,60,0.05339999869465828,False,noncoding,minimap2
read_1324_start32532531_len10000,32532531,32532532,1,60,0.05339999869465828,False,noncoding,minimap2
read_1325_start13267410_len10000,13267410,13267411,1,60,0.04960000142455101,False,noncoding,minimap2
read_1327_start19249510_len10000,19249510,19249511,1,60,0.048500001430511475,False,noncoding,minimap2
read_1329_start30543871_len10000,30543871,30543872,1,60,0.050999999046325684,False,noncoding,minimap2
read_1331_start39185969_len10000,39185969,39185972,3,60,0.046799998730421066,False,noncoding,minimap2
read_1333_start26831068_len10000,26831068,26831069,1,60,0.04659999907016754,False,noncoding,minimap2
read_1334_start45664203_len10000,45664203,45664204,1,60,0.051500000059604645,False,noncoding,minimap2
read_1335_start14377389_len10000,14377389,14377390,1,49,0.05469999834895134,False,noncoding,minimap2
read_1338_start48072849_len10000,48072849,48072850,1,60,0.048700001090765,False,noncoding,minimap2
read_1339_start16924883_len10000,16924883,16924884,1,60,0.049800001084804535,False,noncoding,minimap2
read_1341_start18221654_len10000,18221654,18221655,1,60,0.04839999973773956,False,noncoding,minimap2
read_1341_start18221654_len10000,18221654,18392910,171256,0,0.05169999971985817,False,noncoding,minimap2
read_1341_start18221654_len10000,18221654,21342689,3121035,0,0.05169999971985817,False,noncoding,minimap2
read_1341_start18221654_len10000,18221654,18642524,420870,0,0.051899999380111694,False,noncoding,minimap2
read_1342_start45346623_len10000,45346623,45346624,1,60,0.05460000038146973,False,noncoding,minimap2
read_1343_start36165169_len10000,36165169,36165170,1,60,0.04809999838471413,False,noncoding,minimap2
read_1345_start20223993_len10000,20223993,20223994,1,60,0.0494999997317791,False,noncoding,minimap2
read_1346_start15317740_len10000,15317740,15317741,1,60,0.05090000107884407,False,noncoding,minimap2
read_1347_start34274000_len10000,34274000,34274001,1,60,0.05480000004172325,False,noncoding,minimap2
read_1348_start38673594_len10000,38673594,38673595,1,60,0.047200001776218414,False,noncoding,minimap2
read_1349_start14662089_len10000,14662089,14662090,1,48,0.04989999905228615,False,noncoding,minimap2
read_1351_start27732530_len10000,27732530,27732531,1,60,0.05079999938607216,False,noncoding,minimap2
read_1352_start32895715_len10000,32895715,32895716,1,60,0.050200000405311584,False,noncoding,minimap2
read_1353_start23677623_len10000,23677623,23677624,1,60,0.05009999871253967,False,noncoding,minimap2
read_1354_start49128460_len10000,49128460,49128461,1,60,0.0471000000834465,False,noncoding,minimap2
read_1355_start26209048_len10000,26209048,26209049,1,60,0.04919999837875366,False,noncoding,minimap2
read_1356_start40244680_len10000,40244680,40244681,1,60,0.05389999970793724,False,noncoding,minimap2
read_1357_start46299708_len10000,46299708,46299709,1,60,0.052299998700618744,False,noncoding,minimap2
read_1358_start42127927_len10000,42127927,42127928,1,60,0.04830000177025795,False,noncoding,minimap2
read_1360_start44127183_len10000,44127183,44127184,1,60,0.0494999997317791,False,noncoding,minimap2
read_1361_start27169426_len10000,27169426,27169427,1,60,0.048700001090765,False,noncoding,minimap2
read_1362_start41476083_len10000,41476083,41476084,1,60,0.052799999713897705,False,noncoding,minimap2
read_1363_start19258503_len10000,19258503,19258504,1,60,0.04809999838471413,False,noncoding,minimap2
read_1364_start39874883_len10000,39874883,39874884,1,60,0.04690000042319298,False,noncoding,minimap2
read_1365_start36106330_len10000,36106330,36106331,1,60,0.05090000107884407,False,noncoding,minimap2
read_1366_start18817625_len10000,18817625,18817626,1,60,0.051100000739097595,False,noncoding,minimap2
read_1366_start18817625_len10000,18817625,21252071,2434446,0,0.05559999868273735,False,noncoding,minimap2
read_1367_start22123252_len10000,22123252,22123255,3,60,0.050599999725818634,False,noncoding,minimap2
read_1369_start30657078_len10000,30657078,30657079,1,60,0.051100000739097595,False,noncoding,minimap2
read_1370_start39422206_len10000,39422206,39422208,2,60,0.04960000142455101,False,noncoding,minimap2
read_1371_start33805477_len10000,33805477,33805478,1,60,0.05130000039935112,False,noncoding,minimap2
read_1374_start41005421_len10000,41005421,41005422,1,60,0.04600000008940697,False,noncoding,minimap2
read_1375_start10511377_len10000,10511377,10511378,1,60,0.052299998700618744,False,noncoding,minimap2
read_1376_start33600982_len10000,33600982,33600984,2,60,0.050599999725818634,False,noncoding,minimap2
read_1377_start40342683_len10000,40342683,40342684,1,60,0.048900000751018524,False,noncoding,minimap2
read_1378_start22933048_len10000,22933048,22933049,1,60,0.04800000041723251,False,noncoding,minimap2
read_1379_start37609489_len10000,37609489,37609490,1,60,0.04740000143647194,False,noncoding,minimap2
read_1381_start24746864_len10000,24746864,24746865,1,60,0.045899998396635056,False,noncoding,minimap2
read_1383_start35998802_len10000,35998802,35998803,1,60,0.048500001430511475,False,noncoding,minimap2
read_1384_start25136538_len10000,25136538,25136541,3,60,0.05209999904036522,False,noncoding,minimap2
read_1385_start29412904_len10000,29412904,29412905,1,60,0.04989999905228615,False,noncoding,minimap2
read_1386_start44284505_len10000,44284505,44284506,1,60,0.05220000073313713,False,noncoding,minimap2
read_1387_start29279418_len10000,29279418,29279419,1,60,0.047600001096725464,False,noncoding,minimap2
read_1388_start24142208_len10000,24142208,24142209,1,60,0.050200000405311584,False,noncoding,minimap2
read_1389_start25232596_len10000,25232596,25232597,1,60,0.05119999870657921,False,noncoding,minimap2
read_1391_start34590125_len10000,34590125,34590126,1,60,0.04989999905228615,False,noncoding,minimap2
read_1392_start11612493_len10000,11612493,11612494,1,60,0.05090000107884407,False,noncoding,minimap2
read_1393_start10681366_len10000,10681366,10681367,1,60,0.05050000175833702,False,noncoding,minimap2
read_1394_start39249677_len10000,39249677,39249678,1,60,0.054099999368190765,False,noncoding,minimap2
read_1395_start48310361_len10000,48310361,48310362,1,60,0.05139999836683273,False,noncoding,minimap2
read_1396_start49308188_len10000,49308188,49308191,3,60,0.048900000751018524,False,noncoding,minimap2
read_1400_start14036426_len10000,14036426,14036427,1,60,0.052400000393390656,False,noncoding,minimap2
read_1401_start28017193_len10000,28017193,28017194,1,60,0.04809999838471413,False,noncoding,minimap2
read_1402_start28833819_len10000,28833819,28833820,1,60,0.0502999983727932,False,noncoding,minimap2
read_1403_start30028904_len10000,30028904,30028905,1,60,0.04859999939799309,False,noncoding,minimap2
read_1404_start26450590_len10000,26450590,26450591,1,60,0.047200001776218414,False,noncoding,minimap2
read_1405_start33676296_len10000,33676296,33676297,1,60,0.04699999839067459,False,noncoding,minimap2
read_1406_start44884550_len10000,44884550,44884551,1,60,0.05090000107884407,False,noncoding,minimap2
read_1407_start14789226_len10000,14789226,14789227,1,60,0.04969999939203262,False,noncoding,minimap2
read_1408_start23972203_len10000,23972203,23972204,1,44,0.05270000174641609,False,noncoding,minimap2
read_1408_start23972203_len10000,23972203,23959126,13077,0,0.05510000139474869,False,noncoding,minimap2
read_1410_start21677341_len10000,21677341,21677342,1,60,0.05050000175833702,False,noncoding,minimap2
read_1412_start23495693_len10000,23495693,23495694,1,60,0.05050000175833702,False,noncoding,minimap2
read_1413_start32448685_len10000,32448685,32448686,1,60,0.05090000107884407,False,noncoding,minimap2
read_1414_start43459473_len10000,43459473,43459474,1,60,0.051600001752376556,False,noncoding,minimap2
read_1415_start35737742_len10000,35737742,35737743,1,60,0.05260000005364418,False,noncoding,minimap2
read_1416_start30648045_len10000,30648045,30648046,1,60,0.051500000059604645,False,noncoding,minimap2
read_1420_start16562810_len10000,16562810,16562812,2,60,0.048700001090765,False,noncoding,minimap2
read_1421_start32965850_len10000,32965850,32965851,1,60,0.04910000041127205,False,noncoding,minimap2
read_1422_start42488648_len10000,42488648,42488649,1,60,0.04809999838471413,False,noncoding,minimap2
read_1423_start29242667_len10000,29242667,29242668,1,60,0.04969999939203262,False,noncoding,minimap2
read_1424_start47306555_len10000,47306555,47306556,1,60,0.04560000076889992,False,noncoding,minimap2
read_1425_start30907428_len10000,30907428,30907429,1,60,0.051500000059604645,False,noncoding,minimap2
read_1426_start39809611_len10000,39809611,39809613,2,60,0.04960000142455101,False,noncoding,minimap2
read_1427_start20923407_len10000,20923407,20923408,1,60,0.05620000138878822,False,noncoding,minimap2
read_1428_start41766791_len10000,41766791,41766792,1,60,0.0502999983727932,False,noncoding,minimap2
read_1429_start38245172_len10000,38245172,38245176,4,60,0.048900000751018524,False,noncoding,minimap2
read_1430_start34420220_len10000,34420220,34420221,1,60,0.05079999938607216,False,noncoding,minimap2
read_1431_start14067524_len10000,14067524,14067525,1,60,0.051100000739097595,False,noncoding,minimap2
read_1432_start31358719_len10000,31358719,31358720,1,60,0.05079999938607216,False,noncoding,minimap2
read_1433_start50764072_len10000,50764072,50764073,1,60,0.050700001418590546,False,noncoding,minimap2
read_1434_start30542150_len10000,30542150,30542151,1,60,0.04809999838471413,False,noncoding,minimap2
read_1435_start35285433_len10000,35285433,35285434,1,60,0.05139999836683273,False,noncoding,minimap2
read_1437_start17836358_len10000,17836358,17836359,1,60,0.04809999838471413,False,noncoding,minimap2
read_1438_start12606785_len10000,12606785,12606786,1,60,0.053300000727176666,False,noncoding,minimap2
read_1441_start32274671_len10000,32274671,32274672,1,60,0.05220000073313713,False,noncoding,minimap2
read_1442_start16021072_len10000,16021072,16021074,2,60,0.04529999941587448,False,noncoding,minimap2
read_1443_start18363370_len10000,18363370,18363371,1,60,0.04740000143647194,False,noncoding,minimap2
read_1443_start18363370_len10000,18363370,18489318,125948,0,0.05209999904036522,False,noncoding,minimap2
read_1443_start18363370_len10000,18363370,18746687,383317,0,0.05290000140666962,False,noncoding,minimap2
read_1443_start18363370_len10000,18363370,18179583,183787,0,0.05779999867081642,False,noncoding,minimap2
read_1444_start40142716_len10000,40142716,40142717,1,60,0.04879999905824661,False,noncoding,minimap2
read_1445_start27506649_len10000,27506649,27506656,7,60,0.0544000007212162,False,noncoding,minimap2
read_1447_start27436937_len10000,27436937,27436938,1,60,0.05180000141263008,False,noncoding,minimap2
read_1448_start49737897_len10000,49737897,49737898,1,60,0.047600001096725464,False,noncoding,minimap2
read_1451_start38026970_len10000,38026970,38026971,1,60,0.050599999725818634,False,noncoding,minimap2
read_1452_start42229866_len10000,42229866,42229867,1,60,0.04619999974966049,False,noncoding,minimap2
read_1453_start38954241_len10000,38954241,38954242,1,60,0.04639999940991402,False,noncoding,minimap2
read_1454_start38777880_len10000,38777880,38777884,4,60,0.048500001430511475,False,noncoding,minimap2
read_1455_start20341038_len10000,20341038,20341039,1,60,0.04800000041723251,False,noncoding,minimap2
read_1455_start20341038_len10000,20341038,21169988,828950,0,0.05550000071525574,False,noncoding,minimap2
read_1455_start20341038_len10000,20341038,21312814,971776,0,0.05570000037550926,False,noncoding,minimap2
read_1455_start20341038_len10000,20341038,18189697,2151341,0,0.05620000138878822,False,noncoding,minimap2
read_1455_start20341038_len10000,20341038,18876953,1464085,0,0.05920000001788139,False,noncoding,minimap2
read_1455_start20341038_len10000,20341038,18373999,1967039,0,0.05999999865889549,False,noncoding,minimap2
read_1456_start16014583_len10000,16014583,16014585,2,60,0.05700000002980232,False,noncoding,minimap2
read_1457_start31788774_len10000,31788774,31788775,1,60,0.05130000039935112,False,noncoding,minimap2
read_1458_start25158769_len10000,25158769,25158770,1,60,0.049400001764297485,False,noncoding,minimap2
read_1459_start26731738_len10000,26731738,26731739,1,60,0.05119999870657921,False,noncoding,minimap2
read_1461_start43616538_len10000,43616538,43616539,1,60,0.05420000106096268,False,noncoding,minimap2
read_1462_start17942542_len10000,17942542,17942543,1,60,0.049800001084804535,False,noncoding,minimap2
read_1463_start47079095_len10000,47079095,47079099,4,60,0.050200000405311584,False,noncoding,minimap2
read_1464_start45850635_len10000,45850635,45850640,5,60,0.04969999939203262,False,noncoding,minimap2
read_1465_start33845548_len10000,33845548,33845549,1,60,0.050599999725818634,False,noncoding,minimap2
read_1466_start38143638_len10000,38143638,38143639,1,60,0.049300000071525574,False,noncoding,minimap2
read_1469_start27150317_len10000,27150317,27150318,1,60,0.04919999837875366,False,noncoding,minimap2
read_1470_start42264589_len10000,42264589,42264590,1,60,0.05000000074505806,False,noncoding,minimap2
read_1471_start25284316_len10000,25284316,25284317,1,60,0.050599999725818634,False,noncoding,minimap2
read_1472_start26007031_len10000,26007031,26007032,1,60,0.05090000107884407,False,noncoding,minimap2
read_1473_start43906617_len10000,43906617,43906618,1,60,0.048500001430511475,False,noncoding,minimap2
read_1476_start36017798_len10000,36017798,36017799,1,60,0.05090000107884407,False,noncoding,minimap2
read_1477_start37170790_len10000,37170790,37170791,1,60,0.04919999837875366,False,noncoding,minimap2
read_1482_start47410425_len10000,47410425,47410426,1,60,0.04879999905824661,False,noncoding,minimap2
read_1484_start32100826_len10000,32100826,32100827,1,60,0.050999999046325684,False,noncoding,minimap2
read_1485_start33929231_len10000,33929231,33929232,1,60,0.050200000405311584,False,noncoding,minimap2
read_1487_start17814255_len10000,17814255,17814256,1,60,0.048900000751018524,False,noncoding,minimap2
read_1488_start13352765_len10000,13352765,13352766,1,60,0.05079999938607216,False,noncoding,minimap2
read_1490_start17802213_len10000,17802213,17802214,1,60,0.04740000143647194,False,noncoding,minimap2
read_1491_start50233324_len10000,50233324,50233325,1,60,0.0478999987244606,False,noncoding,minimap2
read_1492_start41762841_len10000,41762841,41762842,1,60,0.05079999938607216,False,noncoding,minimap2
read_1493_start45452799_len10000,45452799,45452800,1,60,0.04989999905228615,False,noncoding,minimap2
read_1494_start42815246_len10000,42815246,42815247,1,60,0.05480000004172325,False,noncoding,minimap2
read_1495_start21192765_len10000,21192765,21192766,1,60,0.05220000073313713,False,noncoding,minimap2
read_1495_start21192765_len10000,21192765,18758511,2434254,0,0.057999998331069946,False,noncoding,minimap2
read_1495_start21192765_len10000,21192765,18501200,2691565,0,0.05820000171661377,False,noncoding,minimap2
read_1495_start21192765_len10000,21192765,18351200,2841565,0,0.05999999865889549,False,noncoding,minimap2
read_1496_start37694141_len10000,37694141,37694142,1,60,0.049400001764297485,False,noncoding,minimap2
read_1498_start40059155_len10000,40059155,40059156,1,60,0.04820000007748604,False,noncoding,minimap2
read_1500_start29969589_len10000,29969589,29969590,1,60,0.04439999908208847,False,noncoding,minimap2
read_1501_start38126013_len10000,38126013,38126014,1,60,0.05130000039935112,False,noncoding,minimap2
read_1502_start29094432_len10000,29094432,29094436,4,60,0.05139999836683273,False,noncoding,minimap2
read_1504_start40767860_len10000,40767860,40767861,1,60,0.04989999905228615,False,noncoding,minimap2
read_1505_start48522611_len10000,48522611,48522612,1,60,0.05139999836683273,False,noncoding,minimap2
read_1506_start26758997_len10000,26758997,26758998,1,60,0.049400001764297485,False,noncoding,minimap2
read_1507_start28249904_len10000,28249904,28249905,1,60,0.047600001096725464,False,noncoding,minimap2
read_1508_start31821599_len10000,31821599,31821600,1,60,0.05130000039935112,False,noncoding,minimap2
read_1509_start46016428_len10000,46016428,46016429,1,60,0.054499998688697815,False,noncoding,minimap2
read_1510_start46350814_len10000,46350814,46350817,3,60,0.049400001764297485,False,noncoding,minimap2
read_1511_start31929487_len10000,31929487,31929489,2,60,0.04500000178813934,False,noncoding,minimap2
read_1512_start34510960_len10000,34510960,34510961,1,60,0.04859999939799309,False,noncoding,minimap2
read_1513_start42221474_len10000,42221474,42221475,1,60,0.04989999905228615,False,noncoding,minimap2
read_1514_start21526512_len10000,21526512,21526513,1,54,0.05299999937415123,False,noncoding,minimap2
read_1514_start21526512_len10000,21526512,21398353,128159,0,0.05620000138878822,False,noncoding,minimap2
read_1514_start21526512_len10000,21526512,18586965,2939547,0,0.056699998676776886,False,noncoding,minimap2
read_1515_start33702651_len10000,33702651,33702652,1,60,0.05050000175833702,False,noncoding,minimap2
read_1517_start17151847_len10000,17151847,17151850,3,60,0.05040000006556511,False,noncoding,minimap2
read_1518_start23513035_len10000,23513035,23513036,1,60,0.05090000107884407,False,noncoding,minimap2
read_1519_start15317128_len10000,15317128,15317129,1,60,0.05339999869465828,False,noncoding,minimap2
read_1520_start39203185_len10000,39203185,39203186,1,60,0.04769999906420708,False,noncoding,minimap2
read_1521_start33006057_len10000,33006057,33006058,1,60,0.04650000110268593,False,noncoding,minimap2
read_1524_start29174258_len10000,29174258,29174260,2,60,0.04899999871850014,False,noncoding,minimap2
read_1525_start23712220_len10000,23712220,23712221,1,60,0.05209999904036522,False,noncoding,minimap2
read_1526_start30355840_len10000,30355840,30355841,1,60,0.04749999940395355,False,noncoding,minimap2
read_1527_start36365650_len10000,36365650,36365652,2,60,0.053300000727176666,False,noncoding,minimap2
read_1528_start47162806_len10000,47162806,47162807,1,60,0.04960000142455101,False,noncoding,minimap2
read_1529_start30695611_len10000,30695611,30695612,1,60,0.05040000006556511,False,noncoding,minimap2
read_1530_start36270286_len10000,36270286,36270287,1,60,0.04989999905228615,False,noncoding,minimap2
read_1531_start20833141_len10000,20833141,20833142,1,60,0.05290000140666962,False,noncoding,minimap2
read_1532_start35973931_len10000,35973931,35973933,2,60,0.051600001752376556,False,noncoding,minimap2
read_1533_start29242446_len10000,29242446,29242449,3,60,0.04879999905824661,False,noncoding,minimap2
read_1534_start15779549_len10000,15779549,15779552,3,60,0.049800001084804535,False,noncoding,minimap2
read_1535_start12310386_len10000,12310386,12310387,1,60,0.047200001776218414,False,noncoding,minimap2
read_1535_start12310386_len10000,12310386,12544384,233998,0,0.052400000393390656,False,noncoding,minimap2
read_1536_start48480024_len10000,48480024,48480025,1,60,0.049300000071525574,False,noncoding,minimap2
read_1537_start34955975_len10000,34955975,34955976,1,60,0.050999999046325684,False,noncoding,minimap2
read_1538_start48264482_len10000,48264482,48264483,1,60,0.04969999939203262,False,noncoding,minimap2
read_1540_start32842303_len10000,32842303,32842306,3,60,0.04670000076293945,False,noncoding,minimap2
read_1542_start12874076_len10000,12874076,12874077,1,60,0.05090000107884407,False,noncoding,minimap2
read_1543_start15972347_len10000,15972347,15972348,1,60,0.04670000076293945,False,noncoding,minimap2
read_1544_start25370530_len10000,25370530,25370531,1,60,0.048500001430511475,False,noncoding,minimap2
read_1545_start46447736_len10000,46447736,46447737,1,60,0.05180000141263008,False,noncoding,minimap2
read_1546_start25771641_len10000,25771641,25771642,1,60,0.049400001764297485,False,noncoding,minimap2
read_1547_start20467634_len10000,20467634,20467635,1,60,0.048900000751018524,False,noncoding,minimap2
read_1548_start10867837_len10000,10867837,10867838,1,1,0.04899999871850014,False,noncoding,minimap2
read_1548_start10867837_len10000,10867837,15897253,5029416,0,0.05009999871253967,False,noncoding,minimap2
read_1549_start46754448_len10000,46754448,46754449,1,60,0.04969999939203262,False,noncoding,minimap2
read_1550_start38359190_len10000,38359190,38359191,1,60,0.05040000006556511,False,noncoding,minimap2
read_1551_start42727046_len10000,42727046,42727047,1,60,0.05090000107884407,False,noncoding,minimap2
read_1552_start34198877_len10000,34198877,34198878,1,60,0.0478999987244606,False,noncoding,minimap2
read_1553_start17638465_len10000,17638465,17638466,1,60,0.05169999971985817,False,noncoding,minimap2
read_1554_start23856765_len10000,23856765,23856766,1,60,0.048900000751018524,False,noncoding,minimap2
read_1555_start50636341_len10000,50636341,50636342,1,60,0.04450000077486038,False,noncoding,minimap2
read_1556_start29188870_len10000,29188870,29188871,1,60,0.04659999907016754,False,noncoding,minimap2
read_1557_start32311982_len10000,32311982,32311986,4,60,0.050200000405311584,False,noncoding,minimap2
read_1558_start19028775_len10000,19028775,19028776,1,60,0.04910000041127205,False,noncoding,minimap2
read_1559_start19607359_len10000,19607359,19607360,1,60,0.052799999713897705,False,noncoding,minimap2
read_1560_start29319945_len10000,29319945,29319946,1,60,0.04769999906420708,False,noncoding,minimap2
read_1561_start11805556_len10000,11805556,11805557,1,60,0.0502999983727932,False,noncoding,minimap2
read_1561_start11805556_len10000,11805556,12176532,370976,0,0.05849999934434891,False,noncoding,minimap2
read_1562_start44781538_len10000,44781538,44781539,1,60,0.050599999725818634,False,noncoding,minimap2
read_1563_start28999809_len10000,28999809,28999810,1,60,0.04749999940395355,False,noncoding,minimap2
read_1566_start24721969_len10000,24721969,24721970,1,60,0.05079999938607216,False,noncoding,minimap2
read_1567_start46842428_len10000,46842428,46842429,1,60,0.0502999983727932,False,noncoding,minimap2
read_1568_start20846586_len10000,20846586,20846587,1,60,0.05139999836683273,False,noncoding,minimap2
read_1569_start47756661_len10000,47756661,47756662,1,60,0.04800000041723251,False,noncoding,minimap2
read_1570_start18533175_len10000,18533175,18533179,4,60,0.04820000007748604,False,noncoding,minimap2
read_1570_start18533175_len10000,18533175,21472531,2939356,0,0.05270000174641609,False,noncoding,minimap2
read_1571_start45097507_len10000,45097507,45097508,1,60,0.05000000074505806,False,noncoding,minimap2
read_1572_start19007898_len10000,19007898,19007899,1,60,0.050700001418590546,False,noncoding,minimap2
read_1573_start49374979_len10000,49374979,49374980,1,60,0.051600001752376556,False,noncoding,minimap2
read_1574_start39862395_len10000,39862395,39862396,1,60,0.05090000107884407,False,noncoding,minimap2
read_1576_start29900338_len10000,29900338,29900339,1,60,0.04859999939799309,False,noncoding,minimap2
read_1578_start45397511_len10000,45397511,45397512,1,60,0.05220000073313713,False,noncoding,minimap2
read_1579_start48452478_len10000,48452478,48452479,1,60,0.049800001084804535,False,noncoding,minimap2
read_1581_start22362681_len10000,22362681,22362682,1,60,0.05400000140070915,False,noncoding,minimap2
read_1582_start40401195_len10000,40401195,40401196,1,60,0.053599998354911804,False,noncoding,minimap2
read_1583_start29276402_len10000,29276402,29276403,1,60,0.04969999939203262,False,noncoding,minimap2
read_1584_start23958717_len10000,23958717,23958721,4,45,0.051600001752376556,False,noncoding,minimap2
read_1584_start23958717_len10000,23958717,23972612,13895,0,0.05389999970793724,False,noncoding,minimap2
read_1585_start33422102_len10000,33422102,33422103,1,60,0.04600000008940697,False,noncoding,minimap2
read_1588_start16719085_len10000,16719085,16719086,1,60,0.051100000739097595,False,noncoding,minimap2
read_1589_start33002784_len10000,33002784,33002785,1,60,0.050999999046325684,False,noncoding,minimap2
read_1590_start43567289_len10000,43567289,43567290,1,60,0.053199999034404755,False,noncoding,minimap2
read_1593_start31629442_len10000,31629442,31629443,1,60,0.04960000142455101,False,noncoding,minimap2
read_1594_start21854889_len10000,21854889,21854890,1,60,0.04969999939203262,False,noncoding,minimap2
read_1595_start36770470_len10000,36770470,36770471,1,60,0.049300000071525574,False,noncoding,minimap2
read_1596_start18879981_len10000,18879981,18879982,1,60,0.048500001430511475,False,noncoding,minimap2
read_1598_start15602696_len10000,15602696,15602697,1,60,0.04969999939203262,False,noncoding,minimap2
read_1600_start42801220_len10000,42801220,42801221,1,60,0.04989999905228615,False,noncoding,minimap2
read_1601_start45059601_len10000,45059601,45059602,1,60,0.04879999905824661,False,noncoding,minimap2
read_1602_start31715438_len10000,31715438,31715439,1,60,0.05139999836683273,False,noncoding,minimap2
read_1604_start46219748_len10000,46219748,46219749,1,60,0.04820000007748604,False,noncoding,minimap2
read_1605_start14708077_len10000,14708077,14708078,1,60,0.04809999838471413,False,noncoding,minimap2
read_1606_start39626679_len10000,39626679,39626680,1,60,0.04919999837875366,False,noncoding,minimap2
read_1607_start50083233_len10000,50083233,50083234,1,60,0.050200000405311584,False,noncoding,minimap2
read_1608_start18426358_len10000,18426358,18426359,1,1,0.051600001752376556,False,noncoding,minimap2
read_1608_start18426358_len10000,18426358,18191209,235149,0,0.051899999380111694,False,noncoding,minimap2
read_1608_start18426358_len10000,18426358,21314326,2887968,0,0.058800000697374344,False,noncoding,minimap2
read_1608_start18426358_len10000,18426358,21171328,2744970,0,0.05909999832510948,False,noncoding,minimap2
read_1608_start18426358_len10000,18426358,20342379,1916021,0,0.05990000069141388,False,noncoding,minimap2
read_1608_start18426358_len10000,18426358,18375510,50848,0,0.05999999865889549,False,noncoding,minimap2
read_1609_start30785950_len10000,30785950,30785951,1,60,0.052400000393390656,False,noncoding,minimap2
read_1611_start11463314_len10000,11463314,11463317,3,60,0.05310000106692314,False,noncoding,minimap2
read_1612_start38759630_len10000,38759630,38759631,1,60,0.0494999997317791,False,noncoding,minimap2
read_1613_start32450418_len10000,32450418,32450419,1,60,0.0544000007212162,False,noncoding,minimap2
read_1614_start44426880_len10000,44426880,44426881,1,60,0.052299998700618744,False,noncoding,minimap2
read_1617_start17311333_len10000,17311333,17311334,1,60,0.05079999938607216,False,noncoding,minimap2
read_1618_start14472558_len10000,14472558,14472559,1,60,0.051899999380111694,False,noncoding,minimap2
read_1619_start23237064_len10000,23237064,23237065,1,60,0.048700001090765,False,noncoding,minimap2
read_1620_start48066427_len10000,48066427,48066429,2,60,0.052400000393390656,False,noncoding,minimap2
read_1621_start50518090_len10000,50518090,50518091,1,60,0.05130000039935112,False,noncoding,minimap2
read_1622_start17288370_len10000,17288370,17288374,4,60,0.05180000141263008,False,noncoding,minimap2
read_1623_start22601187_len10000,22601187,22601195,8,60,0.049800001084804535,False,noncoding,minimap2
read_1626_start43161977_len10000,43161977,43161978,1,60,0.053700000047683716,False,noncoding,minimap2
read_1628_start14158793_len10000,14158793,14158794,1,60,0.05180000141263008,False,noncoding,minimap2
read_1629_start42015298_len10000,42015298,42015299,1,60,0.044199999421834946,False,noncoding,minimap2
read_1631_start27134505_len10000,27134505,27134506,1,60,0.05139999836683273,False,noncoding,minimap2
read_1632_start28504930_len10000,28504930,28504931,1,60,0.051100000739097595,False,noncoding,minimap2
read_1633_start41273961_len10000,41273961,41273965,4,60,0.05009999871253967,False,noncoding,minimap2
read_1634_start13917696_len10000,13917696,13917697,1,60,0.049800001084804535,False,noncoding,minimap2
read_1635_start17276277_len10000,17276277,17276278,1,60,0.051100000739097595,False,noncoding,minimap2
read_1637_start24475976_len10000,24475976,24475977,1,60,0.048900000751018524,False,noncoding,minimap2
read_1638_start48545215_len10000,48545215,48545216,1,60,0.05209999904036522,False,noncoding,minimap2
read_1639_start37312556_len10000,37312556,37312557,1,60,0.05130000039935112,False,noncoding,minimap2
read_1640_start50648008_len10000,50648008,50648009,1,60,0.051600001752376556,False,noncoding,minimap2
read_1641_start39100156_len10000,39100156,39100157,1,60,0.051100000739097595,False,noncoding,minimap2
read_1642_start36641010_len10000,36641010,36641011,1,60,0.04989999905228615,False,noncoding,minimap2
read_1643_start17260528_len10000,17260528,17260529,1,60,0.04879999905824661,False,noncoding,minimap2
read_1645_start31841157_len10000,31841157,31841160,3,60,0.04969999939203262,False,noncoding,minimap2
read_1646_start23548648_len10000,23548648,23548651,3,60,0.04740000143647194,False,noncoding,minimap2
read_1647_start18828802_len10000,18828802,18828803,1,60,0.0478999987244606,False,noncoding,minimap2
read_1647_start18828802_len10000,18828802,21137269,2308467,0,0.051100000739097595,False,noncoding,minimap2
read_1647_start18828802_len10000,18828802,21263268,2434466,0,0.05130000039935112,False,noncoding,minimap2
read_1648_start41002200_len10000,41002200,41002201,1,60,0.052000001072883606,False,noncoding,minimap2
read_1649_start42028286_len10000,42028286,42028287,1,60,0.05139999836683273,False,noncoding,minimap2
read_1650_start41356568_len10000,41356568,41356571,3,60,0.0502999983727932,False,noncoding,minimap2
read_1651_start40910848_len10000,40910848,40910849,1,60,0.05510000139474869,False,noncoding,minimap2
read_1652_start31896403_len10000,31896403,31896404,1,60,0.04569999873638153,False,noncoding,minimap2
read_1653_start50490044_len10000,50490044,50490047,3,60,0.049800001084804535,False,noncoding,minimap2
read_1654_start34268708_len10000,34268708,34268709,1,60,0.04749999940395355,False,noncoding,minimap2
read_1655_start15030844_len10000,15030844,15030845,1,51,0.04749999940395355,False,noncoding,minimap2
read_1656_start20374027_len10000,20374027,20374028,1,60,0.05339999869465828,False,noncoding,minimap2
read_1657_start46028672_len10000,46028672,46028673,1,60,0.046799998730421066,False,noncoding,minimap2
read_1658_start25423878_len10000,25423878,25423882,4,60,0.04859999939799309,False,noncoding,minimap2
read_1661_start17887693_len10000,17887693,17887694,1,60,0.04749999940395355,False,noncoding,minimap2
read_1664_start37240405_len10000,37240405,37240406,1,60,0.05079999938607216,False,noncoding,minimap2
read_1665_start16226958_len10000,16226958,16226959,1,60,0.05260000005364418,False,noncoding,minimap2
read_1666_start48677142_len10000,48677142,48677143,1,60,0.052299998700618744,False,noncoding,minimap2
read_1667_start50243878_len10000,50243878,50243879,1,60,0.05119999870657921,False,noncoding,minimap2
read_1668_start29145734_len10000,29145734,29145735,1,60,0.05040000006556511,False,noncoding,minimap2
read_1670_start11478002_len10000,11478002,11478003,1,60,0.05040000006556511,False,noncoding,minimap2
read_1671_start33420305_len10000,33420305,33420311,6,60,0.043299999088048935,False,noncoding,minimap2
read_1672_start24588081_len10000,24588081,24588083,2,60,0.04899999871850014,False,noncoding,minimap2
read_1673_start27812818_len10000,27812818,27812819,1,60,0.04839999973773956,False,noncoding,minimap2
read_1674_start21737907_len10000,21737907,21737908,1,60,0.05130000039935112,False,noncoding,minimap2
read_1675_start18194421_len10000,18194421,18194422,1,38,0.05310000106692314,False,noncoding,minimap2
read_1675_start18194421_len10000,18194421,18420399,225978,0,0.05420000106096268,False,noncoding,minimap2
read_1675_start18194421_len10000,18194421,18378721,184300,0,0.07010000199079514,False,noncoding,minimap2
read_1677_start43265412_len10000,43265412,43265413,1,60,0.0502999983727932,False,noncoding,minimap2
read_1679_start14090824_len10000,14090824,14090825,1,60,0.04729999974370003,False,noncoding,minimap2
read_1680_start46970703_len10000,46970703,46970704,1,60,0.04569999873638153,False,noncoding,minimap2
read_1681_start33205697_len10000,33205697,33205698,1,60,0.05000000074505806,False,noncoding,minimap2
read_1682_start12563367_len10000,12563367,12563368,1,60,0.048900000751018524,False,noncoding,minimap2
read_1682_start12563367_len10000,12563367,12291411,271956,0,0.05290000140666962,False,noncoding,minimap2
read_1683_start30196383_len10000,30196383,30196384,1,60,0.05090000107884407,False,noncoding,minimap2
read_1684_start39650194_len10000,39650194,39650195,1,60,0.04749999940395355,False,noncoding,minimap2
read_1685_start13677229_len10000,13677229,13677230,1,60,0.048900000751018524,False,noncoding,minimap2
read_1686_start47352342_len10000,47352342,47352343,1,60,0.05130000039935112,False,noncoding,minimap2
read_1688_start21020708_len10000,21020708,21020709,1,60,0.04879999905824661,False,noncoding,minimap2
read_1690_start47476972_len10000,47476972,47476973,1,60,0.05380000174045563,False,noncoding,minimap2
read_1691_start47884625_len10000,47884625,47884626,1,60,0.050200000405311584,False,noncoding,minimap2
read_1693_start17367427_len10000,17367427,17367428,1,60,0.05090000107884407,False,noncoding,minimap2
read_1694_start37050535_len10000,37050535,37050536,1,60,0.05040000006556511,False,noncoding,minimap2
read_1695_start46194448_len10000,46194448,46194449,1,60,0.048900000751018524,False,noncoding,minimap2
read_1696_start49217859_len10000,49217859,49217860,1,60,0.04740000143647194,False,noncoding,minimap2
read_1697_start10530790_len10000,10530790,10530793,3,60,0.05090000107884407,False,noncoding,minimap2
read_1698_start28950468_len10000,28950468,28950469,1,60,0.048700001090765,False,noncoding,minimap2
read_1699_start39024480_len10000,39024480,39024482,2,60,0.05079999938607216,False,noncoding,minimap2
read_1700_start38529535_len10000,38529535,38529536,1,60,0.04729999974370003,False,noncoding,minimap2
read_1701_start37812440_len10000,37812440,37812441,1,60,0.04989999905228615,False,noncoding,minimap2
read_1704_start15727222_len10000,15727222,15727223,1,60,0.05090000107884407,False,noncoding,minimap2
read_1706_start47644457_len10000,47644457,47644458,1,60,0.052400000393390656,False,noncoding,minimap2
read_1711_start42769076_len10000,42769076,42769077,1,60,0.05310000106692314,False,noncoding,minimap2
read_1713_start40374736_len10000,40374736,40374737,1,60,0.04619999974966049,False,noncoding,minimap2
read_1714_start36906799_len10000,36906799,36906800,1,60,0.04769999906420708,False,noncoding,minimap2
read_1715_start37138447_len10000,37138447,37138448,1,60,0.051899999380111694,False,noncoding,minimap2
read_1717_start18719845_len10000,18719845,18719846,1,60,0.05000000074505806,False,noncoding,minimap2
read_1719_start47246408_len10000,47246408,47246409,1,60,0.04899999871850014,False,noncoding,minimap2
read_1720_start13337926_len10000,13337926,13337927,1,60,0.051600001752376556,False,noncoding,minimap2
read_1721_start43782821_len10000,43782821,43782822,1,60,0.04899999871850014,False,noncoding,minimap2
read_1722_start25258520_len10000,25258520,25258521,1,60,0.050599999725818634,False,noncoding,minimap2
read_1723_start16624673_len10000,16624673,16624674,1,60,0.05180000141263008,False,noncoding,minimap2
read_1724_start28404957_len10000,28404957,28404958,1,60,0.0494999997317791,False,noncoding,minimap2
read_1725_start45643032_len10000,45643032,45643033,1,60,0.05339999869465828,False,noncoding,minimap2
read_1726_start34243259_len10000,34243259,34243260,1,60,0.050999999046325684,False,noncoding,minimap2
read_1727_start48012852_len10000,48012852,48012853,1,60,0.04809999838471413,False,noncoding,minimap2
read_1728_start24486052_len10000,24486052,24486053,1,60,0.050700001418590546,False,noncoding,minimap2
read_1729_start27859150_len10000,27859150,27859151,1,60,0.05040000006556511,False,noncoding,minimap2
read_1731_start43652644_len10000,43652644,43652645,1,60,0.05090000107884407,False,noncoding,minimap2
read_1732_start22841298_len10000,22841298,22841299,1,60,0.04740000143647194,False,noncoding,minimap2
read_1735_start46849107_len10000,46849107,46849108,1,60,0.04919999837875366,False,noncoding,minimap2
read_1736_start46701427_len10000,46701427,46701428,1,60,0.052799999713897705,False,noncoding,minimap2
read_1737_start23015589_len10000,23015589,23015590,1,60,0.052299998700618744,False,noncoding,minimap2
read_1738_start19344422_len10000,19344422,19344423,1,60,0.048500001430511475,False,noncoding,minimap2
read_1739_start17094442_len10000,17094442,17094443,1,60,0.049300000071525574,False,noncoding,minimap2
read_1740_start20677265_len10000,20677265,20677266,1,60,0.046300001442432404,False,noncoding,minimap2
read_1742_start18186350_len10000,18186350,18186351,1,60,0.04969999939203262,False,noncoding,minimap2
read_1742_start18186350_len10000,18186350,21309469,3123119,0,0.05570000037550926,False,noncoding,minimap2
read_1742_start18186350_len10000,18186350,21173337,2986987,0,0.05660000070929527,False,noncoding,minimap2
read_1742_start18186350_len10000,18186350,18873610,687260,0,0.05719999969005585,False,noncoding,minimap2
read_1742_start18186350_len10000,18186350,18370663,184313,0,0.061000000685453415,False,noncoding,minimap2
read_1742_start18186350_len10000,18186350,20344387,2158037,0,0.06129999831318855,False,noncoding,minimap2
read_1743_start33925475_len10000,33925475,33925476,1,60,0.05290000140666962,False,noncoding,minimap2
read_1744_start17335438_len10000,17335438,17335439,1,60,0.053700000047683716,False,noncoding,minimap2
read_1745_start20808691_len10000,20808691,20808692,1,60,0.047600001096725464,False,noncoding,minimap2
read_1746_start32840299_len10000,32840299,32840300,1,60,0.05270000174641609,False,noncoding,minimap2
read_1749_start12134065_len10000,12134065,12134066,1,60,0.04969999939203262,False,noncoding,minimap2
read_1749_start12134065_len10000,12134065,11848290,285775,0,0.05310000106692314,False,noncoding,minimap2
read_1750_start38647461_len10000,38647461,38647462,1,60,0.049400001764297485,False,noncoding,minimap2
read_1753_start36665589_len10000,36665589,36665590,1,60,0.04910000041127205,False,noncoding,minimap2
read_1755_start44102831_len10000,44102831,44102832,1,60,0.04769999906420708,False,noncoding,minimap2
read_1759_start29435275_len10000,29435275,29435276,1,60,0.05009999871253967,False,noncoding,minimap2
read_1760_start31839808_len10000,31839808,31839809,1,60,0.04820000007748604,False,noncoding,minimap2
read_1762_start36245204_len10000,36245204,36245205,1,60,0.04600000008940697,False,noncoding,minimap2
read_1765_start22934253_len10000,22934253,22934254,1,60,0.047600001096725464,False,noncoding,minimap2
read_1766_start11428654_len10000,11428654,11428655,1,60,0.049300000071525574,False,noncoding,minimap2
read_1767_start39817636_len10000,39817636,39817637,1,60,0.05050000175833702,False,noncoding,minimap2
read_1769_start28253719_len10000,28253719,28253722,3,60,0.04830000177025795,False,noncoding,minimap2
read_1770_start41429392_len10000,41429392,41429393,1,60,0.05040000006556511,False,noncoding,minimap2
read_1771_start15341142_len10000,15341142,15341143,1,60,0.051500000059604645,False,noncoding,minimap2
read_1772_start34652769_len10000,34652769,34652773,4,60,0.05310000106692314,False,noncoding,minimap2
read_1774_start42397432_len10000,42397432,42397433,1,60,0.05000000074505806,False,noncoding,minimap2
read_1776_start43746881_len10000,43746881,43746882,1,60,0.04610000178217888,False,noncoding,minimap2
read_1777_start47323044_len10000,47323044,47323045,1,60,0.04839999973773956,False,noncoding,minimap2
read_1778_start31021313_len10000,31021313,31021314,1,60,0.05310000106692314,False,noncoding,minimap2
read_1779_start14863662_len10000,14863662,14863663,1,60,0.04600000008940697,False,noncoding,minimap2
read_1780_start13477625_len10000,13477625,13477626,1,60,0.04859999939799309,False,noncoding,minimap2
read_1782_start19407659_len10000,19407659,19407660,1,60,0.051100000739097595,False,noncoding,minimap2
read_1783_start27430264_len10000,27430264,27430265,1,60,0.04729999974370003,False,noncoding,minimap2
read_1784_start42888773_len10000,42888773,42888774,1,60,0.04899999871850014,False,noncoding,minimap2
read_1785_start27026816_len10000,27026816,27026817,1,60,0.05260000005364418,False,noncoding,minimap2
read_1786_start18190415_len10000,18190415,18190416,1,60,0.050200000405311584,False,noncoding,minimap2
read_1786_start18190415_len10000,18190415,18424303,233888,0,0.05090000107884407,False,noncoding,minimap2
read_1786_start18190415_len10000,18190415,21169272,2978857,0,0.057100001722574234,False,noncoding,minimap2
read_1786_start18190415_len10000,18190415,21313533,3123118,0,0.05719999969005585,False,noncoding,minimap2
read_1786_start18190415_len10000,18190415,18374717,184302,0,0.05810000002384186,False,noncoding,minimap2
read_1786_start18190415_len10000,18190415,20340323,2149908,0,0.05869999900460243,False,noncoding,minimap2
read_1787_start27249424_len10000,27249424,27249425,1,60,0.04740000143647194,False,noncoding,minimap2
read_1788_start47721596_len10000,47721596,47721597,1,60,0.047600001096725464,False,noncoding,minimap2
read_1790_start39787046_len10000,39787046,39787047,1,60,0.05389999970793724,False,noncoding,minimap2
read_1791_start28298286_len10000,28298286,28298288,2,60,0.0502999983727932,False,noncoding,minimap2
read_1793_start37008326_len10000,37008326,37008327,1,60,0.052799999713897705,False,noncoding,minimap2
read_1795_start46395679_len10000,46395679,46395680,1,60,0.052400000393390656,False,noncoding,minimap2
read_1796_start50384275_len10000,50384275,50384276,1,60,0.050700001418590546,False,noncoding,minimap2
read_1797_start41967517_len10000,41967517,41967518,1,60,0.04899999871850014,False,noncoding,minimap2
read_1798_start34286156_len10000,34286156,34286160,4,60,0.05139999836683273,False,noncoding,minimap2
read_1799_start40442616_len10000,40442616,40442617,1,60,0.04879999905824661,False,noncoding,minimap2
read_1800_start42557251_len10000,42557251,42557252,1,60,0.051100000739097595,False,noncoding,minimap2
read_1801_start20806898_len10000,20806898,20806899,1,60,0.045099999755620956,False,noncoding,minimap2
read_1802_start45295565_len10000,45295565,45295566,1,60,0.05429999902844429,False,noncoding,minimap2
read_1803_start44479373_len10000,44479373,44479374,1,60,0.04729999974370003,False,noncoding,minimap2
read_1810_start33123733_len10000,33123733,33123734,1,60,0.045499999076128006,False,noncoding,minimap2
read_1811_start12899935_len10000,12899935,12899936,1,60,0.04820000007748604,False,noncoding,minimap2
read_1811_start12899935_len10000,12899935,11781842,1118093,0,0.06710000336170197,False,noncoding,minimap2
read_1813_start48766660_len10000,48766660,48766664,4,60,0.048900000751018524,False,noncoding,minimap2
read_1814_start49085690_len10000,49085690,49085691,1,60,0.04910000041127205,False,noncoding,minimap2
read_1815_start35685073_len10000,35685073,35685076,3,60,0.05040000006556511,False,noncoding,minimap2
read_1816_start48171474_len10000,48171474,48171475,1,60,0.05009999871253967,False,noncoding,minimap2
read_1817_start28955492_len10000,28955492,28955493,1,60,0.04859999939799309,False,noncoding,minimap2
read_1818_start36603775_len10000,36603775,36603779,4,60,0.052299998700618744,False,noncoding,minimap2
read_1819_start15199056_len10000,15199056,15199057,1,60,0.053300000727176666,False,noncoding,minimap2
read_1820_start34622533_len10000,34622533,34622534,1,60,0.048700001090765,False,noncoding,minimap2
read_1824_start31067928_len10000,31067928,31067932,4,60,0.05139999836683273,False,noncoding,minimap2
read_1825_start20773971_len10000,20773971,20773972,1,60,0.05050000175833702,False,noncoding,minimap2
read_1827_start46083595_len10000,46083595,46083596,1,60,0.05299999937415123,False,noncoding,minimap2
read_1828_start40336218_len10000,40336218,40336219,1,60,0.05130000039935112,False,noncoding,minimap2
read_1830_start20342735_len10000,20342735,20342736,1,60,0.051100000739097595,False,noncoding,minimap2
read_1830_start20342735_len10000,20342735,21171685,828950,0,0.05909999832510948,False,noncoding,minimap2
read_1830_start20342735_len10000,20342735,21311121,968386,0,0.05950000137090683,False,noncoding,minimap2
read_1830_start20342735_len10000,20342735,18188004,2154731,0,0.05979999899864197,False,noncoding,minimap2
read_1830_start20342735_len10000,20342735,18875260,1467475,0,0.06210000067949295,False,noncoding,minimap2
read_1830_start20342735_len10000,20342735,18372304,1970431,0,0.06379999965429306,False,noncoding,minimap2
read_1831_start39005901_len10000,39005901,39005902,1,60,0.04879999905824661,False,noncoding,minimap2
read_1832_start50148118_len10000,50148118,50148119,1,60,0.052799999713897705,False,noncoding,minimap2
read_1833_start15940065_len10000,15940065,15940066,1,60,0.052799999713897705,False,noncoding,minimap2
read_1834_start25679947_len10000,25679947,25679949,2,60,0.05290000140666962,False,noncoding,minimap2
read_1836_start29236325_len10000,29236325,29236329,4,60,0.04600000008940697,False,noncoding,minimap2
read_1837_start22499204_len10000,22499204,22499205,1,60,0.05310000106692314,False,noncoding,minimap2
read_1838_start17700012_len10000,17700012,17700013,1,60,0.05180000141263008,False,noncoding,minimap2
read_1840_start22216446_len10000,22216446,22216447,1,60,0.049400001764297485,False,noncoding,minimap2
read_1841_start32488936_len10000,32488936,32488937,1,60,0.049300000071525574,False,noncoding,minimap2
read_1842_start14136961_len10000,14136961,14136964,3,60,0.04919999837875366,False,noncoding,minimap2
read_1843_start28687976_len10000,28687976,28687977,1,60,0.05130000039935112,False,noncoding,minimap2
read_1844_start29122431_len10000,29122431,29122434,3,60,0.04839999973773956,False,noncoding,minimap2
read_1848_start25552806_len10000,25552806,25552807,1,60,0.04919999837875366,False,noncoding,minimap2
read_1849_start40851869_len10000,40851869,40851870,1,60,0.05119999870657921,False,noncoding,minimap2
read_1850_start29609636_len10000,29609636,29609637,1,60,0.04919999837875366,False,noncoding,minimap2
read_1851_start16907857_len10000,16907857,16907858,1,60,0.04780000075697899,False,noncoding,minimap2
read_1852_start48577838_len10000,48577838,48577839,1,60,0.051500000059604645,False,noncoding,minimap2
read_1853_start46702627_len10000,46702627,46702628,1,60,0.053599998354911804,False,noncoding,minimap2
read_1857_start46867451_len10000,46867451,46867452,1,60,0.04809999838471413,False,noncoding,minimap2
read_1858_start40082275_len10000,40082275,40082276,1,60,0.050599999725818634,False,noncoding,minimap2
read_1859_start29948267_len10000,29948267,29948268,1,60,0.049400001764297485,False,noncoding,minimap2
read_1860_start35361300_len10000,35361300,35361301,1,60,0.0494999997317791,False,noncoding,minimap2
read_1861_start32622029_len10000,32622029,32622031,2,60,0.04989999905228615,False,noncoding,minimap2
read_1862_start22378880_len10000,22378880,22378881,1,60,0.052299998700618744,False,noncoding,minimap2
read_1864_start49572649_len10000,49572649,49572650,1,60,0.05339999869465828,False,noncoding,minimap2
read_1865_start14867737_len10000,14867737,14867738,1,47,0.04749999940395355,False,noncoding,minimap2
read_1868_start48401945_len10000,48401945,48401946,1,60,0.051899999380111694,False,noncoding,minimap2
read_1869_start38925442_len10000,38925442,38925446,4,60,0.052000001072883606,False,noncoding,minimap2
read_1870_start40866743_len10000,40866743,40866749,6,60,0.04859999939799309,False,noncoding,minimap2
read_1871_start24923938_len10000,24923938,24923939,1,60,0.04749999940395355,False,noncoding,minimap2
read_1872_start21470285_len10000,21470285,21470287,2,60,0.050700001418590546,False,noncoding,minimap2
read_1872_start21470285_len10000,21470285,18530925,2939360,0,0.05490000173449516,False,noncoding,minimap2
read_1872_start21470285_len10000,21470285,20704970,765315,0,0.06629999727010727,False,noncoding,minimap2
read_1873_start14248771_len10000,14248771,14248781,10,60,0.05299999937415123,False,noncoding,minimap2
read_1875_start45134275_len10000,45134275,45134276,1,60,0.050700001418590546,False,noncoding,minimap2
read_1876_start49834578_len10000,49834578,49834579,1,60,0.04879999905824661,False,noncoding,minimap2
read_1877_start19322594_len10000,19322594,19322595,1,60,0.04820000007748604,False,noncoding,minimap2
read_1878_start11017840_len10000,11017840,11017841,1,60,0.04600000008940697,False,noncoding,minimap2
read_1879_start32869470_len10000,32869470,32869471,1,60,0.04729999974370003,False,noncoding,minimap2
read_1880_start21880158_len10000,21880158,21880160,2,60,0.05139999836683273,False,noncoding,minimap2
read_1882_start44160066_len10000,44160066,44160067,1,60,0.05079999938607216,False,noncoding,minimap2
read_1884_start24004262_len10000,24004262,24004264,2,60,0.048900000751018524,False,noncoding,minimap2
read_1885_start11151514_len10000,11151514,11151518,4,4,0.05050000175833702,False,noncoding,minimap2
read_1885_start11151514_len10000,11151514,16513329,5361815,0,0.050700001418590546,False,noncoding,minimap2
read_1886_start20510848_len10000,20510848,20510849,1,60,0.052799999713897705,False,noncoding,minimap2
read_1887_start26299775_len10000,26299775,26299776,1,60,0.04470000043511391,False,noncoding,minimap2
read_1888_start45758515_len10000,45758515,45758516,1,60,0.05079999938607216,False,noncoding,minimap2
read_1889_start41652721_len10000,41652721,41652722,1,60,0.05079999938607216,False,noncoding,minimap2
read_1890_start32618141_len10000,32618141,32618142,1,60,0.04780000075697899,False,noncoding,minimap2
read_1891_start21875853_len10000,21875853,21875855,2,60,0.049400001764297485,False,noncoding,minimap2
read_1892_start14364581_len10000,14364581,14364582,1,60,0.051500000059604645,False,noncoding,minimap2
read_1893_start22437263_len10000,22437263,22437264,1,60,0.04859999939799309,False,noncoding,minimap2
read_1894_start21899360_len10000,21899360,21899361,1,60,0.049400001764297485,False,noncoding,minimap2
read_1895_start44574406_len10000,44574406,44574410,4,60,0.049800001084804535,False,noncoding,minimap2
read_1896_start41103924_len10000,41103924,41103925,1,60,0.04769999906420708,False,noncoding,minimap2
read_1897_start39616478_len10000,39616478,39616479,1,60,0.050700001418590546,False,noncoding,minimap2
read_1898_start28409854_len10000,28409854,28409855,1,60,0.04800000041723251,False,noncoding,minimap2
read_1899_start35431952_len10000,35431952,35431953,1,60,0.05050000175833702,False,noncoding,minimap2
read_1901_start42357401_len10000,42357401,42357402,1,60,0.051500000059604645,False,noncoding,minimap2
read_1903_start47883106_len10000,47883106,47883107,1,60,0.05050000175833702,False,noncoding,minimap2
read_1905_start32356069_len10000,32356069,32356073,4,60,0.04839999973773956,False,noncoding,minimap2
read_1906_start18933200_len10000,18933200,18933201,1,60,0.04769999906420708,False,noncoding,minimap2
read_1907_start38456100_len10000,38456100,38456101,1,60,0.053199999034404755,False,noncoding,minimap2
read_1908_start45789335_len10000,45789335,45789336,1,60,0.04800000041723251,False,noncoding,minimap2
read_1909_start39806987_len10000,39806987,39806992,5,60,0.04639999940991402,False,noncoding,minimap2
read_1910_start49013938_len10000,49013938,49013939,1,60,0.05040000006556511,False,noncoding,minimap2
read_1911_start35826948_len10000,35826948,35826949,1,60,0.05209999904036522,False,noncoding,minimap2
read_1912_start12151132_len10000,12151132,12151133,1,60,0.04600000008940697,False,noncoding,minimap2
read_1912_start12151132_len10000,12151132,11831221,319911,0,0.05090000107884407,False,noncoding,minimap2
read_1912_start12151132_len10000,12151132,11713131,438001,0,0.06289999932050705,False,noncoding,minimap2
read_1915_start40060149_len10000,40060149,40060153,4,60,0.046799998730421066,False,noncoding,minimap2
read_1916_start45422501_len10000,45422501,45422502,1,60,0.049400001764297485,False,noncoding,minimap2
read_1917_start36886161_len10000,36886161,36886162,1,60,0.04969999939203262,False,noncoding,minimap2
read_1918_start46655050_len10000,46655050,46655051,1,60,0.04490000009536743,False,noncoding,minimap2
read_1919_start29640333_len10000,29640333,29640335,2,60,0.05209999904036522,False,noncoding,minimap2
read_1920_start46175823_len10000,46175823,46175824,1,60,0.05469999834895134,False,noncoding,minimap2
read_1922_start32333960_len10000,32333960,32333961,1,60,0.04830000177025795,False,noncoding,minimap2
read_1923_start25547066_len10000,25547066,25547069,3,60,0.05090000107884407,False,noncoding,minimap2
read_1924_start47574883_len10000,47574883,47574884,1,60,0.050700001418590546,False,noncoding,minimap2
read_1925_start39833511_len10000,39833511,39833512,1,60,0.05079999938607216,False,noncoding,minimap2
read_1927_start19888063_len10000,19888063,19888064,1,60,0.050599999725818634,False,noncoding,minimap2
read_1929_start14682728_len10000,14682728,14682731,3,56,0.044199999421834946,False,noncoding,minimap2
read_1931_start39989301_len10000,39989301,39989305,4,60,0.051899999380111694,False,noncoding,minimap2
read_1933_start11432133_len10000,11432133,11432134,1,60,0.0568000003695488,False,noncoding,minimap2
read_1934_start29005727_len10000,29005727,29005728,1,60,0.052299998700618744,False,noncoding,minimap2
read_1935_start33918766_len10000,33918766,33918767,1,60,0.05270000174641609,False,noncoding,minimap2
read_1936_start49433540_len10000,49433540,49433541,1,60,0.052299998700618744,False,noncoding,minimap2
read_1937_start24605797_len10000,24605797,24605798,1,60,0.052299998700618744,False,noncoding,minimap2
read_1938_start44783116_len10000,44783116,44783117,1,60,0.05209999904036522,False,noncoding,minimap2
read_1940_start17696679_len10000,17696679,17696680,1,60,0.04910000041127205,False,noncoding,minimap2
read_1941_start47975590_len10000,47975590,47975591,1,60,0.04960000142455101,False,noncoding,minimap2
read_1942_start27226900_len10000,27226900,27226901,1,60,0.04650000110268593,False,noncoding,minimap2
read_1944_start35255886_len10000,35255886,35255887,1,60,0.04879999905824661,False,noncoding,minimap2
read_1945_start39876309_len10000,39876309,39876311,2,60,0.04960000142455101,False,noncoding,minimap2
read_1946_start29159868_len10000,29159868,29159869,1,60,0.04989999905228615,False,noncoding,minimap2
read_1947_start46886455_len10000,46886455,46886456,1,60,0.04989999905228615,False,noncoding,minimap2
read_1950_start48107056_len10000,48107056,48107057,1,60,0.05209999904036522,False,noncoding,minimap2
read_1951_start39575847_len10000,39575847,39575848,1,60,0.04650000110268593,False,noncoding,minimap2
read_1952_start37420241_len10000,37420241,37420242,1,60,0.04960000142455101,False,noncoding,minimap2
read_1954_start39563023_len10000,39563023,39563026,3,60,0.05180000141263008,False,noncoding,minimap2
read_1956_start12056106_len10000,12056106,12056107,1,60,0.050599999725818634,False,noncoding,minimap2
read_1956_start12056106_len10000,12056106,12890765,834659,0,0.06400000303983688,False,noncoding,minimap2
read_1957_start42948081_len10000,42948081,42948082,1,60,0.05290000140666962,False,noncoding,minimap2
read_1958_start31266940_len10000,31266940,31266941,1,60,0.048700001090765,False,noncoding,minimap2
read_1959_start14881655_len10000,14881655,14881656,1,59,0.049800001084804535,False,noncoding,minimap2
read_1960_start43824406_len10000,43824406,43824410,4,60,0.050599999725818634,False,noncoding,minimap2
read_1961_start30049923_len10000,30049923,30049925,2,60,0.04960000142455101,False,noncoding,minimap2
read_1962_start46996457_len10000,46996457,46996458,1,60,0.04780000075697899,False,noncoding,minimap2
read_1963_start49364108_len10000,49364108,49364109,1,60,0.05139999836683273,False,noncoding,minimap2
read_1964_start31002919_len10000,31002919,31002920,1,60,0.052400000393390656,False,noncoding,minimap2
read_1965_start22564881_len10000,22564881,22564882,1,60,0.051600001752376556,False,noncoding,minimap2
read_1966_start47064127_len10000,47064127,47064128,1,60,0.053199999034404755,False,noncoding,minimap2
read_1967_start49641696_len10000,49641696,49641697,1,60,0.04769999906420708,False,noncoding,minimap2
read_1968_start45098541_len10000,45098541,45098542,1,60,0.05139999836683273,False,noncoding,minimap2
read_1969_start49347939_len10000,49347939,49347940,1,60,0.04740000143647194,False,noncoding,minimap2
read_1971_start50510534_len10000,50510534,50510535,1,60,0.05180000141263008,False,noncoding,minimap2
read_1972_start21397247_len10000,21397247,21397248,1,60,0.05169999971985817,False,noncoding,minimap2
read_1972_start21397247_len10000,21397247,21527640,130393,0,0.05480000004172325,False,noncoding,minimap2
read_1972_start21397247_len10000,21397247,18588093,2809154,0,0.05570000037550926,False,noncoding,minimap2
read_1975_start39341997_len10000,39341997,39341998,1,60,0.046799998730421066,False,noncoding,minimap2
read_1976_start22246659_len10000,22246659,22246660,1,60,0.046799998730421066,False,noncoding,minimap2
read_1977_start47193272_len10000,47193272,47193273,1,60,0.04839999973773956,False,noncoding,minimap2
read_1978_start17959748_len10000,17959748,17959752,4,60,0.04809999838471413,False,noncoding,minimap2
read_1980_start31229634_len10000,31229634,31229635,1,60,0.04839999973773956,False,noncoding,minimap2
read_1981_start13365244_len10000,13365244,13365245,1,60,0.05339999869465828,False,noncoding,minimap2
read_1982_start27726069_len10000,27726069,27726070,1,60,0.05270000174641609,False,noncoding,minimap2
read_1984_start33017272_len10000,33017272,33017275,3,60,0.05169999971985817,False,noncoding,minimap2
read_1985_start42087544_len10000,42087544,42087545,1,60,0.04619999974966049,False,noncoding,minimap2
read_1986_start14369800_len10000,14369800,14369803,3,60,0.049800001084804535,False,noncoding,minimap2
read_1987_start35803289_len10000,35803289,35803290,1,60,0.05260000005364418,False,noncoding,minimap2
read_1988_start24736594_len10000,24736594,24736595,1,60,0.04899999871850014,False,noncoding,minimap2
read_1989_start39351463_len10000,39351463,39351464,1,60,0.0494999997317791,False,noncoding,minimap2
read_1990_start43776195_len10000,43776195,43776198,3,60,0.04800000041723251,False,noncoding,minimap2
read_1991_start37401789_len10000,37401789,37401790,1,60,0.05380000174045563,False,noncoding,minimap2
read_1992_start11898025_len10000,11898025,11898026,1,60,0.04830000177025795,False,noncoding,minimap2
read_1994_start31549498_len10000,31549498,31549499,1,60,0.04839999973773956,False,noncoding,minimap2
read_1995_start39742174_len10000,39742174,39742175,1,60,0.0494999997317791,False,noncoding,minimap2
read_1996_start43667477_len10000,43667477,43667478,1,60,0.04910000041127205,False,noncoding,minimap2
read_1997_start23116401_len10000,23116401,23116402,1,60,0.050700001418590546,False,noncoding,minimap2
read_1998_start20379664_len10000,20379664,20379665,1,60,0.05770000070333481,False,noncoding,minimap2
read_1999_start41092547_len10000,41092547,41092548,1,60,0.051100000739097595,False,noncoding,minimap2
